Workbook

Sheet Recept-voorblad
A1: Receptuur | Q1: WP Lekker in de Kauw (Bird) 40(NIET AF)
A3: Naam bier | H3: Batch nr.: | K3: 26225
A5: Naam Brouwerij | E5: =IF(LEFT(Q1,2)="WP","Waarderpolder","Jopen Kerk")
A7: Bier stijl | E7: Aantal brouwsels | G7: 1 | H7: Datum orderpicken: | K7: -
A9: Brouwsel (hl) | E9: =IF(LEFT(Q1,2)="WP", "Kamers mashfilter","walsenmolen")
A10: Eindproduct specificaties
A11: Parameter | D11: Unit | E11: +/- | F11: Spec, | G11: Parameter | K11: Unit | L11: +/- | M11: Spec,
A12: Origineel extract | D12: °P | G12: Troebeling (Lab) | K12: EBC
A13: Rest extract | D13: °P | G13: CO2 fles | K13: g/l
A14: Alcohol | D14: v/v% | G14: CO2 Can | K14: g/l
A15: Bitterheid | D15: EBU | G15: CO2 fust | K15: g/l
A16: Kleur | D16: EBC | G16: Headspace O2 | K16: ppb | N16: Bier risico
A17: pH | G17: Dissolved O2 | K17: ppb
A18: ADF %
A19: Process paramaters
A20: Parameter | D20: Unit | E20: +/- | F20: Spec, | G20: Parameter | K20: Unit | L20: +/- | M20: Spec,
A21: =IF(LEFT(Q1,2)="WP", "Pitching Temp,","Wort koeling temp,") | D21: °C | G21: Vergistingstijd | K21: dagen | N21: Bier status
A22: Main Fermentation | D22: °C | G22: Lagertijd | K22: dagen
A23: T release, | D23: °C | G23: Lager temp, | K23: °C
A24: Temp, Dry, Warm, | D24: °C | G24: Pasteurisatie | K24: PU
A25: Extract dry, Warm 1 | D25: °P | G25: Troebeling na Sep | K25: EBC
A26: Extract dry, Warm 2 | D26: °P | G26: Bitterheid BH | K26: EBU
A27: Extract dry, Warm 3 | D27: °P
A28: Malts and grains
A29: Soort | D29: KG | E29: EBC | F29: TOT | G29: % | I29: Lotnummer | P29: Totaal kg:
F30: =IF(D30="-","",(D30*E30*0.08)/$C$9) | G30: =IF(D30="-","",D30/($D$40/100)) | H30: % | P30: =IF(D30="-","",D30*$G$7)
F31: =IF(D31="-","",(D31*E31*0.08)/$C$9) | G31: =IF(D31="-","",D31/($D$40/100)) | H31: % | P31: =IF(D31="-","",D31*$G$7)
F32: =IF(D32="-","",(D32*E32*0.08)/$C$9) | G32: =IF(D32="-","",D32/($D$40/100)) | H32: % | P32: =IF(D32="-","",D32*$G$7)
F33: =IF(D33="-","",(D33*E33*0.08)/$C$9) | G33: =IF(D33="-","",D33/($D$40/100)) | H33: % | P33: =IF(D33="-","",D33*$G$7)
F34: =IF(D34="-","",(D34*E34*0.08)/$C$9) | G34: =IF(D34="-","",D34/($D$40/100)) | H34: % | P34: =IF(D34="-","",D34*$G$7)
F35: =IF(D35="-","",(D35*E35*0.08)/$C$9) | G35: =IF(D35="-","",D35/($D$40/100)) | H35: % | P35: =IF(D35="-","",D35*$G$7)
F36: =IF(D36="-","",(D36*E36*0.08)/$C$9) | G36: =IF(D36="-","",D36/($D$40/100)) | H36: % | P36: =IF(D36="-","",D36*$G$7)
F37: =IF(D37="-","",(D37*E37*0.08)/$C$9) | G37: =IF(D37="-","",D37/($D$40/100)) | H37: % | P37: =IF(D37="-","",D37*$G$7)
F38: =IF(D38="-","",(D38*E38*0.08)/$C$9) | G38: =IF(D38="-","",D38/($D$40/100)) | H38: % | P38: =IF(D38="-","",D38*$G$7)
F39: =IF(D39="-","",(D39*E39*0.08)/$C$9) | G39: =IF(D39="-","",D39/($D$40/100)) | H39: % | P39: =IF(D39="-","",D39*$G$7)
A40: Totaal: | D40: =SUM(D30:D39) | F40: =SUM(F30:F39) | G40: =SUM(G30:G39) | H40: % | I40: Berekende kleur: | M40: =F40+1.75 | N40: EBC
A41: Hops and herbs
A42: Soort | D42: alpha | E42: Gram | G42: Kooktijd | I42: Rendement | K42: EBU | L42: Lotnummer | P42: Totaal gram:
K43: =IFERROR(IF(E43="-","",(E43*1000)*(D43/100)*(I43/100)/(IF(Brouwen!$F$16*100="-",$C$9*100,Brouwen!$F$16*100))),"") | P43: =IF(E43="-","",E43*$G$7)
K44: =IFERROR(IF(E44="-","",(E44*1000)*(D44/100)*(I44/100)/(IF(Brouwen!$F$16*100="-",$C$9*100,Brouwen!$F$16*100))),"") | P44: =IF(E44="-","",E44*$G$7)
K45: =IFERROR(IF(E45="-","",(E45*1000)*(D45/100)*(I45/100)/(IF(Brouwen!$F$16*100="-",$C$9*100,Brouwen!$F$16*100))),"") | P45: =IF(E45="-","",E45*$G$7)
K46: =IFERROR(IF(E46="-","",(E46*1000)*(D46/100)*(I46/100)/(IF(Brouwen!$F$16*100="-",$C$9*100,Brouwen!$F$16*100))),"") | P46: =IF(E46="-","",E46*$G$7)
K47: =IFERROR(IF(E47="-","",(E47*1000)*(D47/100)*(I47/100)/(IF(Brouwen!$F$16*100="-",$C$9*100,Brouwen!$F$16*100))),"") | P47: =IF(E47="-","",E47*$G$7)
K48: =IFERROR(IF(E48="-","",(E48*1000)*(D48/100)*(I48/100)/(IF(Brouwen!$F$16*100="-",$C$9*100,Brouwen!$F$16*100))),"") | P48: =IF(E48="-","",E48*$G$7)
K49: =IFERROR(IF(E49="-","",(E49*1000)*(D49/100)*(I49/100)/(IF(Brouwen!$F$16*100="-",$C$9*100,Brouwen!$F$16*100))),"") | P49: =IF(E49="-","",E49*$G$7)
K50: =IFERROR(IF(E50="-","",(E50*1000)*(D50/100)*(I50/100)/(IF(Brouwen!$F$16*100="-",$C$9*100,Brouwen!$F$16*100))),"") | P50: =IF(E50="-","",E50*$G$7)
K51: =IFERROR(IF(E51="-","",(E51*1000)*(D51/100)*(I51/100)/(IF(Brouwen!$F$16*100="-",$C$9*100,Brouwen!$F$16*100))),"") | P51: =IF(E51="-","",E51*$G$7)
K52: =IFERROR(IF(E52="-","",(E52*1000)*(D52/100)*(I52/100)/(IF(Brouwen!$F$16*100="-",$C$9*100,Brouwen!$F$16*100))),"") | P52: =IF(E52="-","",E52*$G$7)
K53: =IFERROR(IF(E53="-","",(E53*1000)*(D53/100)*(I53/100)/(IF(Brouwen!$F$16*100="-",$C$9*100,Brouwen!$F$16*100))),"") | P53: =IF(E53="-","",E53*$G$7)
K54: =IFERROR(IF(E54="-","",(E54*1000)*(D54/100)*(I54/100)/(IF(Brouwen!$F$16*100="-",$C$9*100,Brouwen!$F$16*100))),"") | P54: =IF(E54="-","",E54*$G$7)
... K57: =IFERROR(IF(E57="-","",(E57*1000)*(D57/100)*(I57/100)/(IF(Brouwen!$F$16*100="-",$C$9*100,Brouwen!$F$16*100))),"") | P57: =IF(E57="-","",E57*$G$7)
J58: =IF(G58="warm",SUMIF(G58:I60,"warm",E58:F60)/($C$9*100),SUMIF(G58:I60,"Cold*",E58:F60)/($C$9*100)) | K58: g/l | P58: =IF(E58="-","",E58*$G$7)
P59: =IF(E59="-","",E59*$G$7)
P60: =IF(E60="-","",E60*$G$7)
J61: =IF(G61="warm",SUMIF(G61:I63,"warm",E61:F63)/($C$9*100),SUMIF(G61:I63,"Cold*",E61:F63)/($C$9*100)) | P61: =IF(E61="-","",E61*$G$7)
P62: =IF(E62="-","",E62*$G$7)
P63: =IF(E63="-","",E63*$G$7)
A64: - | G64: Totale bitterheid: | K64: =ROUND(SUM(K43:K63),1) | L64: EBU | M64: Totaal kg hop: | P64: =SUM(P43:P63)/1000
A65: Hop totaal gewicht
A66: Hop soort | E66: Totaal gram | I66: Hop soort | M66: Totaal gram
A67: =IFERROR(INDEX(_xlfn.UNIQUE(_xlfn._xlws.FILTER($A$43:$A$63,$A$43:$A$63<>"")),1),"") | E67: =IF(A67="","",SUMIF($A$43:$A$63,A67,$P$43:$P$63)) | I67: =IFERROR(INDEX(_xlfn.UNIQUE(_xlfn._xlws.FILTER($A$43:$A$63,$A$43:$A$63<>"")),7),"") | M67: =IF(I67="","",SUMIF($A$43:$A$63,I67,$P$43:$P$63))
A68: =IFERROR(INDEX(_xlfn.UNIQUE(_xlfn._xlws.FILTER($A$43:$A$63,$A$43:$A$63<>"")),2),"") | E68: =IF(A68="","",SUMIF($A$43:$A$63,A68,$P$43:$P$63)) | I68: =IFERROR(INDEX(_xlfn.UNIQUE(_xlfn._xlws.FILTER($A$43:$A$63,$A$43:$A$63<>"")),8),"") | M68: =IF(I68="","",SUMIF($A$43:$A$63,I68,$P$43:$P$63))
A69: =IFERROR(INDEX(_xlfn.UNIQUE(_xlfn._xlws.FILTER($A$43:$A$63,$A$43:$A$63<>"")),3),"") | E69: =IF(A69="","",SUMIF($A$43:$A$63,A69,$P$43:$P$63)) | I69: =IFERROR(INDEX(_xlfn.UNIQUE(_xlfn._xlws.FILTER($A$43:$A$63,$A$43:$A$63<>"")),9),"") | M69: =IF(I69="","",SUMIF($A$43:$A$63,I69,$P$43:$P$63))
A70: =IFERROR(INDEX(_xlfn.UNIQUE(_xlfn._xlws.FILTER($A$43:$A$63,$A$43:$A$63<>"")),4),"") | E70: =IF(A70="","",SUMIF($A$43:$A$63,A70,$P$43:$P$63)) | I70: =IFERROR(INDEX(_xlfn.UNIQUE(_xlfn._xlws.FILTER($A$43:$A$63,$A$43:$A$63<>"")),10),"") | M70: =IF(I70="","",SUMIF($A$43:$A$63,I70,$P$43:$P$63))
A71: =IFERROR(INDEX(_xlfn.UNIQUE(_xlfn._xlws.FILTER($A$43:$A$63,$A$43:$A$63<>"")),5),"") | E71: =IF(A71="","",SUMIF($A$43:$A$63,A71,$P$43:$P$63)) | I71: =IFERROR(INDEX(_xlfn.UNIQUE(_xlfn._xlws.FILTER($A$43:$A$63,$A$43:$A$63<>"")),11),"") | M71: =IF(I71="","",SUMIF($A$43:$A$63,I71,$P$43:$P$63))
A72: =IFERROR(INDEX(_xlfn.UNIQUE(_xlfn._xlws.FILTER($A$43:$A$63,$A$43:$A$63<>"")),6),"") | E72: =IF(A72="","",SUMIF($A$43:$A$63,A72,$P$43:$P$63)) | I72: =IFERROR(INDEX(_xlfn.UNIQUE(_xlfn._xlws.FILTER($A$43:$A$63,$A$43:$A$63<>"")),12),"") | M72: =IF(I72="","",SUMIF($A$43:$A$63,I72,$P$43:$P$63))
A73: Additions Brewers
A74: Soort | E74: Ratio | G74: Per brew | I74: Wanneer | L74: Lotnummer
A85: Dry yeast
A86: Soort | F86: Brews/1st day | G86: Hoeveelheid per batch | L86: Lotnummer
F87: 1 | K87: g
K88: g
A89: Additions Cellar
A90: Type | E90: Ratio | G90: Per batch | I90: When | L90: Lotnummer
A96: Target Water Profile(values in PPM)
A97: Ca | C97: Mg | E97: Na | G97: Cl | J97: SO4 | M97: Ratio Cl:SO4 | P97: Alkalinity
A101: Revisie nummer
A102: Revisie nummer | D102: Wijziging | N102: Datum | P102: Door

Sheet Brouwen
A1: ='Recept-voorblad'!Q1 | C1: Brouw specificaties | P1: Bier status | S1: Invullen op de brouwdag
P2: ='Recept-voorblad'!N23
C3: Naam bier | E3: ='Recept-voorblad'!C3 | K3: Batchnummer | N3: ='Recept-voorblad'!K3 | P3: Brouwsel nr, | S3: 1 | U3: 2 | W3: 3 | Y3: 4 | AA3: 5 | AC3: 6 | AE3: 7 | AG3: 8 | AI3: 9
P4: Order nr, Software
C5: Bier stijl | E5: ='Recept-voorblad'!C7 | G5: GLT | K5: Datum 1e brouwsel | P5: Naam brouwer
P6: Start inmaischen (dd-mm uu:mm)
A7: Brouw specificaties | I7: Recept specificaties | P7: Maischen
A8: =IF(LEFT(A1,2)="WP", "Totaal volume batch","Recept nummer braukon") | H8: =IF(LEFT(A1,2)="WP", "Hl"," ") | I8: Gewenste stamwort | O8: ⁰P | P8: Maisch water | T8: hl | V8: hl | X8: hl | Z8: hl | AB8: hl | AD8: hl | AF8: hl | AH8: hl | AJ8: hl
A9: Receptnaam Software | I9: Gewenste eind plato | N9: ='Recept-voorblad'!F13 | O9: ⁰P | P9: pH na inmaischen
A10: =IF(LEFT(A1,2)="WP", "Stort special bin kg","Maischwater") | H10: =IF(LEFT(A1,2)="WP", "kg","hl") | I10: =IF(LEFT(A1,2)="WP", "Maischwater"," ") | O10: =IF(LEFT(A1,2)="WP", "hl","") | P10: Correctie zuur | T10: =IF(LEFT(A1,2)="WP","liter","ml") | V10: =IF(LEFT(A1,2)="WP","liter","ml") | X10: =IF(LEFT(A1,2)="WP","liter","ml") | Z10: =IF(LEFT(A1,2)="WP","liter","ml") | AB10: =IF(LEFT(A1,2)="WP","liter","ml") | AD10: =IF(LEFT(A1,2)="WP","liter","ml") | AF10: =IF(LEFT(A1,2)="WP","liter","ml") | AH10: =IF(LEFT(A1,2)="WP","liter","ml") | AJ10: =IF(LEFT(A1,2)="WP","liter","ml")
A11: =IF(LEFT(A1,2)="WP", "Naam special bin storting"," ") | I11: pH Maische | P11: pH na correctie
A12: Beslag dikte | F12: ="1 :"&ROUNDUP(IF(LEFT(A1,2)="WP",(N10*100)/'Recept-voorblad'!D40,(F10*100)/'Recept-voorblad'!D40),2) | I12: pH Start koken | P12: Joodnormaal test OK?
A13: =IF(LEFT(A1,2)="WP", "Cumm. Corp./sparging vol."," ") | H13: =IF(LEFT(A1,2)="WP", "hl"," ") | I13: pH Eind Koken | P13: Afwijking maische schema?
A14: Brouwsel (hl) | F14: ='Recept-voorblad'!C9 | H14: hl | I14: Beluchting | O14: =IF(LEFT(A1,2)="WP", "ppm","l/h") | P14: Spoelwater | T14: hl | V14: hl | X14: hl | Z14: hl | AB14: hl | AD14: hl | AF14: hl | AH14: hl | AJ14: hl
A15: Verwacht extract begin kook | H15: °P | I15: Wort naar gisttank Temp | N15: ='Recept-voorblad'!F21 | O15: °C | P15: Filtratie & voorloopvat
A16: Volume kook | H16: hl | I16: =IF(LEFT(A1,2)="WP", "Sparging instellingen","Filtratie volumes") | P16: Plato 1e wortvolume | T16: °P | V16: °P | X16: °P | Z16: °P | AB16: °P | AD16: °P | AF16: °P | AH16: °P | AJ16: °P
A17: Wortvoorkoeler temp | H17: °C | I17: =IF(LEFT(A1,2)="WP", "sparging 1e","1e afloop") | O17: =IF(LEFT(A1,2)="WP", "hl/h","Hl") | P17: Extract laatste afloop | T17: °P | V17: °P | X17: °P | Z17: °P | AB17: °P | AD17: °P | AF17: °P | AH17: °P | AJ17: °P
A18: =IF(LEFT(A1,2)="WP", "Volume water aditie terug koeling","Totaal volume brouwsel ") | H18: hl | I18: =IF(LEFT(A1,2)="WP", "sparging 2e","Spoelwater") | O18: =O17 | P18: Eerste afloop | T18: hl | V18: hl | X18: hl | Z18: hl | AB18: hl | AD18: hl | AF18: hl | AH18: hl | AJ18: hl
A19: =IF(LEFT(A1,2)="WP", "Eindvolume brouwsel","Eindvolume in CKT") | F19: =IF(LEFT(A1,2)="WP", 'Recept-voorblad'!C9,'Recept-voorblad'!C9*'Recept-voorblad'!G7) | H19: hl | I19: =IF(LEFT(A1,2)="WP", "sparging 3e","Spoel afloop") | O19: =O18 | P19: =IF(LEFT(A1,2)="WP", "Cumm, Sparging vol,","spoelwater") | T19: hl | V19: hl | X19: hl | Z19: hl | AB19: hl | AD19: hl | AF19: hl | AH19: hl | AJ19: hl
A20: Gewenste verdamping | H20: % | I20: =IF(LEFT(A1,2)="WP", "sparging 4e","Totaal gefiltreerd volume") | O20: =O17 | P20: =IF(LEFT(A1,2)="WP", "Last run pH","Spoelafloop")
A21: Intensiteit koken | H21: kJ/s | I21: =IF(LEFT(A1,2)="WP", "Aantal kamers Mash Filter","Lauterfactor") | P21: Filtratie tijd | T21: min | V21: min | X21: min | Z21: min | AB21: min | AD21: min | AF21: min | AH21: min | AJ21: min
A22: Whirlpool rust | H22: =IF(LEFT(A1,2)="WP", " ","min") | P22: Koken
A23: Maisch schema | I23: =IF(LEFT(A1,2)="WP", "Toevoegingen:","Extra toevoegingen") | P23: pH begin kook
A24: Inmaischen | E24: ⁰C | G24: Minuten rust | I24: Toevoegingen | L24: Hoeveelheid | N24: Moment | P24: Extract begin kook | T24: °P | V24: °P | X24: °P | Z24: °P | AB24: °P | AD24: °P | AF24: °P | AH24: °P | AJ24: °P | AK24: =AVERAGE(AI24,AG24,AE24,AC24,AA24,Y24,W24,U24,S24)
A25: Verhogen naar | E25: ⁰C | G25: Minuten rust | I25: =IF(LEFT(A1,2)="WP",IF('Recept-voorblad'!A75="","",'Recept-voorblad'!A75),IF('Recept-voorblad'!A91="-","-",IF('Recept-voorblad'!A91="Revisie nummer","",'Recept-voorblad'!A91))) | L25: =IF(LEFT($A$1,2)="WP",IF('Recept-voorblad'!E75="","",'Recept-voorblad'!E75),IF('Recept-voorblad'!E91="","",'Recept-voorblad'!E91)) | N25: =IF(LEFT($A$1,2)="WP",IF('Recept-voorblad'!I75="","",'Recept-voorblad'!I75),IF('Recept-voorblad'!I91="","",'Recept-voorblad'!I91)) | P25: V begin kook (80°C) | T25: hl | V25: hl | X25: hl | Z25: hl | AB25: hl | AD25: hl | AF25: hl | AH25: hl | AJ25: hl | AK25: =AVERAGE(AI25,AG25,AE25,AC25,AA25,Y25,W25,U25,S25)*COUNT(AI24,AG24,AE24,AC24,AA24,Y24,W24,U24,S24)
A26: Verhogen naar | E26: ⁰C | G26: Minuten rust | I26: =IF(LEFT(A1,2)="WP",IF('Recept-voorblad'!A76="","",'Recept-voorblad'!A76),IF('Recept-voorblad'!A92="-","-",IF('Recept-voorblad'!A92="Revisie nummer","",'Recept-voorblad'!A92))) | L26: =IF(LEFT($A$1,2)="WP",IF('Recept-voorblad'!E76="","",'Recept-voorblad'!E76),IF('Recept-voorblad'!E92="","",'Recept-voorblad'!E92)) | N26: =IF(LEFT($A$1,2)="WP",IF('Recept-voorblad'!I76="","",'Recept-voorblad'!I76),IF('Recept-voorblad'!I92="","",'Recept-voorblad'!I92)) | P26: Zuurcorrectie | T26: =IF(LEFT(A1,2)="WP", "liter","milliliter") | V26: =IF(LEFT(A1,2)="WP", "liter","milliliter") | X26: =IF(LEFT(A1,2)="WP", "liter","milliliter") | Z26: =IF(LEFT(A1,2)="WP", "liter","milliliter") | AB26: =IF(LEFT(A1,2)="WP", "liter","milliliter") | AD26: =IF(LEFT(A1,2)="WP", "liter","milliliter") | AF26: =IF(LEFT(A1,2)="WP", "liter","milliliter") | AH26: =IF(LEFT(A1,2)="WP", "liter","milliliter") | AJ26: =IF(LEFT(A1,2)="WP", "liter","milliliter")
A27: Verhogen naar | E27: ⁰C | G27: Minuten rust | I27: =IF(LEFT(A1,2)="WP",IF('Recept-voorblad'!A77="","",'Recept-voorblad'!A77),IF('Recept-voorblad'!A93="-","-",IF('Recept-voorblad'!A93="Revisie nummer","",'Recept-voorblad'!A93))) | L27: =IF(LEFT($A$1,2)="WP",IF('Recept-voorblad'!E77="","",'Recept-voorblad'!E77),IF('Recept-voorblad'!E93="","",'Recept-voorblad'!E93)) | N27: =IF(LEFT($A$1,2)="WP",IF('Recept-voorblad'!I77="","",'Recept-voorblad'!I77),IF('Recept-voorblad'!I93="","",'Recept-voorblad'!I93)) | P27: pH na zuurcorrectie / tijd
A28: Verhogen naar | E28: ⁰C | G28: Minuten rust | I28: =IF(LEFT(A1,2)="WP",IF('Recept-voorblad'!A78="","",'Recept-voorblad'!A78),IF('Recept-voorblad'!A94="-","-",IF('Recept-voorblad'!A94="Revisie nummer","",'Recept-voorblad'!A94))) | L28: =IF(LEFT($A$1,2)="WP",IF('Recept-voorblad'!E78="","",'Recept-voorblad'!E78),IF('Recept-voorblad'!E94="","",'Recept-voorblad'!E94)) | N28: =IF(LEFT($A$1,2)="WP",IF('Recept-voorblad'!I78="","",'Recept-voorblad'!I78),IF('Recept-voorblad'!I94="","",'Recept-voorblad'!I94)) | P28: Totale kooktijd | T28: min | V28: min | X28: min | Z28: min | AB28: min | AD28: min | AF28: min | AH28: min | AJ28: min
A29: Uitmaischen op | E29: ⁰C | G29: Minuten rust | I29: =IF(LEFT(A1,2)="WP",IF('Recept-voorblad'!A79="","",'Recept-voorblad'!A79),IF('Recept-voorblad'!A95="-","-",IF('Recept-voorblad'!A95="Revisie nummer","",'Recept-voorblad'!A95))) | L29: =IF(LEFT($A$1,2)="WP",IF('Recept-voorblad'!E79="","",'Recept-voorblad'!E79),IF('Recept-voorblad'!E95="","",'Recept-voorblad'!E95)) | N29: =IF(LEFT($A$1,2)="WP",IF('Recept-voorblad'!I79="","",'Recept-voorblad'!I79),IF('Recept-voorblad'!I95="","",'Recept-voorblad'!I95)) | P29: Verdamping | S29: =IF(S31="","",(S31-S24)/S24*100) | T29: % | U29: =IF(U31="","",(U31-U24)/U24*100) | V29: % | W29: =IF(W31="","",(W31-W24)/W24*100) | X29: % | Y29: =IF(Y31="","",(Y31-Y24)/Y24*100) | Z29: % | AA29: =IF(AA31="","",(AA31-AA24)/AA24*100) | AB29: % | AC29: =IF(AC31="","",(AC31-AC24)/AC24*100) | AD29: % | AE29: =IF(AE31="","",(AE31-AE24)/AE24*100) | AF29: % | AG29: =IF(AG31="","",(AG31-AG24)/AG24*100) | AH29: % | AI29: =IF(AI31="","",(AI31-AI24)/AI24*100) | AJ29: %
I30: =IF(LEFT(A1,2)="WP",IF('Recept-voorblad'!A80="","",'Recept-voorblad'!A80),"-") | L30: =IF(LEFT($A$1,2)="WP",IF('Recept-voorblad'!E80="","",'Recept-voorblad'!E80),"-") | N30: =IF(LEFT($A$1,2)="WP",IF('Recept-voorblad'!I80="","",'Recept-voorblad'!I80),"-") | P30: Extra toevoeging
I31: =IF(LEFT(A1,2)="WP",IF('Recept-voorblad'!A81="","",'Recept-voorblad'!A81),"-") | L31: =IF(LEFT($A$1,2)="WP",IF('Recept-voorblad'!E81="","",'Recept-voorblad'!E81),"-") | N31: =IF(LEFT($A$1,2)="WP",IF('Recept-voorblad'!I81="","",'Recept-voorblad'!I81),"-") | P31: Extract einde kook | T31: °P | V31: °P | X31: °P | Z31: °P | AB31: °P | AD31: °P | AF31: °P | AH31: °P | AJ31: °P
I32: =IF(LEFT(A1,2)="WP",IF('Recept-voorblad'!A82="","",'Recept-voorblad'!A82),"-") | L32: =IF(LEFT($A$1,2)="WP",IF('Recept-voorblad'!E82="","",'Recept-voorblad'!E82),"-") | N32: =IF(LEFT($A$1,2)="WP",IF('Recept-voorblad'!I82="","",'Recept-voorblad'!I82),"-") | P32: Whirlpool/ Einde kook
I33: =IF(LEFT(A1,2)="WP",IF('Recept-voorblad'!A83="","",'Recept-voorblad'!A83),"-") | L33: =IF(LEFT($A$1,2)="WP",IF('Recept-voorblad'!E83="","",'Recept-voorblad'!E83),"-") | N33: =IF(LEFT($A$1,2)="WP",IF('Recept-voorblad'!I83="","",'Recept-voorblad'!I83),"-") | P33: Volume whirlpool | T33: hl | V33: hl | X33: hl | Z33: hl | AB33: hl | AD33: hl | AF33: hl | AH33: hl | AJ33: hl | AK33: =AVERAGE(AI33,AG33,AE33,AC33,AA33,Y33,W33,U33,S33)*COUNT(AI33,AG33,AE33,AC33,AA33,Y33,W33,U33,S33)
I34: =IF(LEFT(A1,2)="WP",IF('Recept-voorblad'!A84="","",'Recept-voorblad'!A84),"-") | L34: =IF(LEFT($A$1,2)="WP",IF('Recept-voorblad'!E84="","",'Recept-voorblad'!E84),"-") | N34: =IF(LEFT($A$1,2)="WP",IF('Recept-voorblad'!I84="","",'Recept-voorblad'!I84),"-") | P34: Extract | T34: °P | V34: °P | X34: °P | Z34: °P | AB34: °P | AD34: °P | AF34: °P | AH34: °P | AJ34: °P | AK34: =AVERAGE(AI34,AG34,AE34,AC34,AA34,Y34,W34,U34,S34)
A35: Hop dosering | H35: HDT: | I35: =IF(LEFT(A1,2)="WP", "Automatische dosering:","receptuur additieven") | M35: =IF(LEFT(A1,2)="WP", "Zuur [L]","hoeveel&wanneer") | N35: =IF(LEFT(A1,2)="WP", "Tannines [L]","paraaf") | P35: pH
A36: Hopgift | C36: ='Recept-voorblad'!G43 | D36: min | E36: =IF(A36=" "," ", "doseerpunt") | H36: =IF(LEFT($A$1,2)="WP",IFERROR(INDEX('Recept-voorblad'!G42:Q56,MATCH(Brouwen!C36,'Recept-voorblad'!G42:G56,0),11),""),IF(IFERROR(1/INDEX('Recept-voorblad'!G42:Q56,MATCH(Brouwen!C36,'Recept-voorblad'!G42:G56,0),3),"nee")="nee",IF(Brouwen!C36="","","nee"),"ja")) | I36: =IF(LEFT(A1,2)="WP","Inmaischen",'Recept-voorblad'!A75) | L36: =IF(LEFT(A1,2)="WP", "(l/hl)"," ") | P36: Werkelijke rust tijd | T36: min | V36: min | X36: min | Z36: min | AB36: min | AD36: min | AF36: min | AH36: min | AJ36: min
A37: =IF(C37="-"," ","Hopgift") | C37: {=IFERROR(INDEX('Recept-voorblad'!G43:G57,MATCH(FALSE(),'Recept-voorblad'!G43:G57= C36,0)),"")} | D37: =IF(C37=""," ","min") | E37: =IF(A37=" "," ", "doseerpunt") | H37: =IF(LEFT($A$1,2)="WP",IFERROR(INDEX('Recept-voorblad'!G43:Q57,MATCH(Brouwen!C37,'Recept-voorblad'!G43:G57,0),11),""),IF(IFERROR(1/INDEX('Recept-voorblad'!G43:Q57,MATCH(Brouwen!C37,'Recept-voorblad'!G43:G57,0),3),"nee")="nee",IF(Brouwen!C37="","","nee"),"ja")) | I37: =IF(LEFT(A1,2)="WP", "Koken",'Recept-voorblad'!A76) | L37: =IF(LEFT(A1,2)="WP", "(L)"," ") | P37: Beluchting | T37: =O14 | V37: =T37 | X37: =T37 | Z37: =T37 | AB37: =T37 | AD37: =T37 | AF37: =T37 | AH37: =T37 | AJ37: =T37
A38: =IF(C38="-"," ","Hopgift") | C38: {=IFERROR(INDEX('Recept-voorblad'!G43:G57,MATCH(1,('Recept-voorblad'!G43:G57<C37)*('Recept-voorblad'!G43:G57<C36),0)),"")} | D38: =IF(C38=""," ","min") | E38: =IF(A38=" "," ", "doseerpunt") | H38: =IF(LEFT($A$1,2)="WP",IFERROR(INDEX('Recept-voorblad'!G44:Q58,MATCH(Brouwen!C38,'Recept-voorblad'!G44:G58,0),11),""),IF(IFERROR(1/INDEX('Recept-voorblad'!G44:Q58,MATCH(Brouwen!C38,'Recept-voorblad'!G44:G58,0),3),"nee")="nee",IF(Brouwen!C38="","","nee"),"ja")) | I38: =IF(LEFT(A1,2)="WP", "Inline sparge",'Recept-voorblad'!A77) | P38: Water additie | T38: hl | V38: hl | X38: hl | Z38: hl | AB38: hl | AD38: hl | AF38: hl | AH38: hl | AJ38: hl
A39: =IF(C39="-"," ","Hopgift") | C39: {=IFERROR(INDEX('Recept-voorblad'!G44:G58,MATCH(1,('Recept-voorblad'!G44:G58<C38)*('Recept-voorblad'!G44:G58<C37),0)),"")} | D39: =IF(C39=""," ","min") | E39: =IF(A39=" "," ", "doseerpunt") | H39: =IF(LEFT($A$1,2)="WP",IFERROR(INDEX('Recept-voorblad'!G45:Q59,MATCH(Brouwen!C39,'Recept-voorblad'!G45:G59,0),11),""),IF(IFERROR(1/INDEX('Recept-voorblad'!G45:Q59,MATCH(Brouwen!C39,'Recept-voorblad'!G45:G59,0),3),"nee")="nee",IF(Brouwen!C39="","","nee"),"ja")) | I39: =IF(LEFT(A1,2)="WP", " ",'Recept-voorblad'!A78) | M39: =IF(LEFT(A1,2)="WP"," ",'Recept-voorblad'!E78&" "&'Recept-voorblad'!I78) | P39: Volume brouwsel | S39: =IF(LEFT(A1,2)="WP","",S40) | T39: hl | U39: =IF(LEFT(A1,2)="WP","",U40-S40) | V39: hl | W39: =IF(LEFT(A1,2)="WP","",W40-U40) | X39: hl | Y39: =IF(LEFT(A1,2)="WP","",Y40-W40) | Z39: hl | AA39: =IF(LEFT(A1,2)="WP","",AA40-Y40) | AB39: hl | AC39: =IF(LEFT(A1,2)="WP","",AC40-AA40) | AD39: hl | AE39: =IF(LEFT(A1,2)="WP","",AE40-AC40) | AF39: hl | AG39: =IF(LEFT(A1,2)="WP","",AG40-AE40) | AH39: hl | AI39: =IF(LEFT(A1,2)="WP","",AI40-AG40) | AJ39: hl
A40: =IF(C40=""," ","Hopgift") | C40: {=IFERROR(INDEX('Recept-voorblad'!G45:G59,MATCH(1,('Recept-voorblad'!G45:G59<C39)*('Recept-voorblad'!G45:G59<C38),0)),"")} | D40: =IF(C40=""," ","min") | E40: =IF(A40=" "," ", "doseerpunt") | H40: =IFERROR(INDEX('Recept-voorblad'!G46:Q60,MATCH(Brouwen!C40,'Recept-voorblad'!G46:G60,0),11),"") | I40: =IF(LEFT(A1,2)="WP", " ",'Recept-voorblad'!A79) | M40: =IF(LEFT(A1,2)="WP"," ",'Recept-voorblad'!E79&" "&'Recept-voorblad'!I79) | P40: Volume GLT | S40: =IFERROR(IF(LEFT(A1,2)="WP",S39+S38," "),"") | T40: hl | U40: =IFERROR(IF(LEFT(A1,2)="WP",U39+U38+S40," "),"") | V40: hl | W40: =IFERROR(IF(LEFT(A1,2)="WP",W39+W38+U40," "),"") | X40: hl | Y40: =IFERROR(IF(LEFT(A1,2)="WP",Y39+Y38+W40," "),"") | Z40: hl | AA40: =IFERROR(IF(LEFT(A1,2)="WP",AA39+AA38+Y40," "),"") | AB40: hl | AC40: =IFERROR(IF(LEFT(A1,2)="WP",AC39+AC38+AA40," "),"") | AD40: hl | AE40: =IFERROR(IF(LEFT(A1,2)="WP",AE39+AE38+AC40," "),"") | AF40: hl | AG40: =IFERROR(IF(LEFT(A1,2)="WP",AG39+AG38+AE40," "),"") | AH40: hl | AI40: =IFERROR(IF(LEFT(A1,2)="WP",AI39+AI38+AG40," "),"") | AJ40: hl | AK40: =MAX(S40,U40,W40,Y40,AA40,AC40,AE40,AG40,AI40)
A41: =IF(C41=""," ","Hopgift") | C41: {=IFERROR(INDEX('Recept-voorblad'!G46:G60,MATCH(1,('Recept-voorblad'!G46:G60<C40)*('Recept-voorblad'!G46:G60<C39),0)),"")} | D41: =IF(C41=""," ","min") | E41: =IF(A41=" "," ", "doseerpunt") | H41: =IFERROR(INDEX('Recept-voorblad'!G47:Q61,MATCH(Brouwen!C41,'Recept-voorblad'!G47:G61,0),11),"") | I41: =IF(LEFT(A1,2)="WP", " ",'Recept-voorblad'!A80) | M41: =IF(LEFT(A1,2)="WP"," ",'Recept-voorblad'!E80&" "&'Recept-voorblad'!I80) | P41: Extract Tank | S41: =IFERROR(IF(S39="","",(S42/S40)),"") | T41: °P | U41: =IFERROR(IF(U39="",S41,((S42+U42)/U40)),"") | V41: °P | W41: =IFERROR(IF(W34="",U41,((S42+U42+W42)/W40)),"") | X41: °P | Y41: =IFERROR(IF(Y34="",W41,((S42+U42+W42+Y42)/Y40)),"") | Z41: °P | AA41: =IFERROR(IF(AA34="",Y41,((S42+U42+W42+Y42+AA42)/AA40)),"") | AB41: °P | AC41: =IFERROR(IF(AC34="",AA41,((S42+U42+W42+Y42+AA42+AC42)/AC40)),"") | AD41: °P | AE41: =IFERROR(IF(AE34="",AC41,((S42+U42+W42+Y42+AA42+AC42+AE42)/AE40)),"") | AF41: °P | AG41: =IFERROR(IF(AG34="",AE41,((S42+U42+W42+Y42+AA42+AC42+AE42+AG42)/AG40)),"") | AH41: °P | AI41: =IFERROR(IF(AI34="",AG41,((S42+U42+W42+Y42+AA42+AC42+AE42+AG42+AI42)/AI40)),"") | AJ41: °P | AK41: =AG41
A42: =IF(C42=""," ","Hopgift") | C42: {=IFERROR(INDEX('Recept-voorblad'!G47:G61,MATCH(1,('Recept-voorblad'!G47:G61<C41)*('Recept-voorblad'!G47:G61<C40)*('Recept-voorblad'!G47:G61<C39),0)),"")} | D42: =IF(C42=""," ","min") | E42: =IF(A42=" "," ", "doseerpunt") | H42: =IFERROR(INDEX('Recept-voorblad'!G48:Q62,MATCH(Brouwen!C42,'Recept-voorblad'!G48:G62,0),11),"") | P42: hl*plato | S42: =IFERROR(S34*S39,"") | T42: hl°P | U42: =IFERROR(U34*U39,"") | V42: hl°P | W42: =IFERROR(W34*W39,"") | X42: hl°P | Y42: =IFERROR(Y34*Y39,"") | Z42: hl°P | AA42: =IFERROR(AA34*AA39,"") | AB42: hl°P | AC42: =IFERROR(AC34*AC39,"") | AD42: hl°P | AE42: =IFERROR(AE34*AE39,"") | AF42: hl°P | AG42: =IFERROR(AG34*AG39,"") | AH42: hl°P | AI42: =IFERROR(AI34*AI39,"") | AJ42: hl°P
A43: Opmerkingen : | K43: Droge Gist enting: | P43: Einde brouwen (dd-mm uu:mm)
K44: Temp start | N44: ='Recept-voorblad'!F21 | P44: Totale tijd brouwen | S44: =IF(LEFT(A1,2)="WP",S43-S6,(S43-S6)-S49) | T44: uur | U44: =IF(LEFT(A1,2)="WP",U43-U6,(U43-U6)-U49) | V44: uur | W44: =IF(LEFT(A1,2)="WP",W43-W6,(W43-W6)-W49) | X44: uur | Y44: =IF(LEFT(A1,2)="WP",Y43-Y6,(Y43-Y6)-Y49) | Z44: uur | AA44: =IF(LEFT(A1,2)="WP",AA43-AA6,(AA43-AA6)-AA49) | AB44: uur | AC44: =IF(LEFT(A1,2)="WP",AC43-AC6,(AC43-AC6)-AC49) | AD44: uur | AE44: =IF(LEFT(A1,2)="WP",AE43-AE6,(AE43-AE6)-AE49) | AF44: uur | AG44: =IF(LEFT(A1,2)="WP",AG43-AG6,(AG43-AG6)-AG49) | AH44: uur | AI44: =IF(LEFT(A1,2)="WP",AI43-AI6,(AI43-AI6)-AI49) | AJ44: uur
K45: Temp max | N45: ='Recept-voorblad'!F22 | P45: =IF(LEFT(A1,2)="WP", " ","Beluchtingsfilter gestoomd?")
K46: Giststam | N46: =SUBSTITUTE('Recept-voorblad'!A87&IF('Recept-voorblad'!A88=0,"",'Recept-voorblad'!A88),"(g/brew)"," ") | P46: =IF(LEFT(A1,2)="WP", " ","Wortline gesteriliseerd?")
K47: Gerehydrateerd? | P47: =IF(LEFT(A1,2)="WP", " ","CKT CIP")
K48: Gewicht [gram] | N48: ='Recept-voorblad'!G87+IF('Recept-voorblad'!G88="",0,'Recept-voorblad'!G88) | P48: =IF(LEFT(A1,2)="WP", " ","Bostelbak nummer")
K49: Bij 1e brouwsel | P49: =IF(LEFT(A1,2)="WP", " ","Pauze in process (uu:mm)")
K50: Geënt op (datum): | N50: =S6 | AH50: =IF(((0.99894*AG40)+((3.77*10^-3)*(AG40^2))+((1.6682*10^-5)*(AG40^3)))*AG39,((0.99894*AG40)+((3.77*10^-3)*(AG40^2))+((1.6682*10^-5)*(AG40^3)))*AG39,"")
K51: Door:
K52: Programma aan?
Q53: HL at GLT | T53: pH at GLT | W53: Total time | X53: mash efficiency | Y53: Boil efficiency | Z53: BH efficiency | AA53: WP Losses | AB53: last run | AC53: MASH pH | AD53: filtration time | AE53: hl strong run 20C | AF53: HL*P Boil | AG53: name | AH53: batch
Q54: Value | R54: target | T54: Value | W54: Value
K55: extract in - moisture (5%) | L55: ='Recept-voorblad'!$T$15 | M55: Date | N55: P° at GLT | Q55: HL at GLT | T55: pH at GLT | W55: Total time | X55: mash efficiency | Y55: Boil efficiency | Z55: BH efficiency | AA55: WP Losses | AB55: last run | AC55: MASH pH | AD55: filtration time | AE55: hl strong run 20C | AF55: HL*P Boil | AG55: name | AH55: batch | AI55: Comment
N56: Value | O56: target | Q56: Value | R56: target | T56: Value | W56: Value
M57: =$S$6 | N57: =IFERROR(($S$34/($S$39+$S$38)*$S$39),"") | O57: =$N$8 | P57: =IF(N57<6," ",IF(N57>(O57+0.5),0,IF(N57<(O57-0.5),0,1))) | Q57: =IFERROR($S$39+$S$38,"") | R57: =$F$19 | S57: =IF(Q57<6," ",IF(Q57>(R57+0.5),0,IF(Q57<(R57-0.5),0,1))) | T57: =$S$35 | U57: =$N$13 | V57: =IF(T57<2," ",IF(T57>(U57+0.5),0,IF(T57<(U57-0.5),0,1))) | W57: =$S$44 | X57: =(($S$25-($S$25*0.03))*$S$24*((259/(259-$S$24))*0.9982))/$L$55 | Y57: =(($S$33-($S$33*0.03))*$S$34*((259/(259-$S$34))*0.9982))/$L$55 | Z57: =(Q57*N57*((259/(259-N57))*0.9982))/$L$55 | AA57: =Y57-Z57 | AB57: =$S$17 | AC57: =$S$9 | AD57: =$S$21 | AE57: =$S$18-($S$18*0.03) | AF57: =S24*S25 | AG57: =$E$3 | AH57: =$N$3&"-1" | AI57: =CONCATENATE(A47,A48,A49,A50,A51,A52)
M58: =$U$6 | N58: =IFERROR(($U$34/($U$39+$U$38)*$U$39),"") | O58: =$N$8 | P58: =IF(N58<6," ",IF(N58>(O58+0.5),0,IF(N58<(O58-0.5),0,1))) | Q58: =IFERROR($U$39+$U$38,"") | R58: =$F$19 | S58: =IF(Q58<6," ",IF(Q58>(R58+0.5),0,IF(Q58<(R58-0.5),0,1))) | T58: =$U$35 | U58: =$N$13 | V58: =IF(T58<2," ",IF(T58>(U58+0.5),0,IF(T58<(U58-0.5),0,1))) | W58: =$U$44 | X58: =(($U$25-($U$25*0.03))*$U$24*((259/(259-$U$24))*0.9982))/$L$55 | Y58: =(($U$33-($U$33*0.03))*$U$34*((259/(259-$U$34))*0.9982))/$L$55 | Z58: =(Q58*N58*((259/(259-N58))*0.9982))/$L$55 | AA58: =Y58-Z58 | AB58: =$U$17 | AC58: =$U$9 | AD58: =$U$21 | AE58: =$U$18-($U$18*0.03) | AF58: =U24*U25 | AG58: =$E$3 | AH58: =$N$3&"-2"
M59: =$W$6 | N59: =IFERROR(($W$34/($W$39+$W$38)*$W$39),"") | O59: =$N$8 | P59: =IF(N59<6," ",IF(N59>(O59+0.5),0,IF(N59<(O59-0.5),0,1))) | Q59: =IFERROR($W$39+$W$38,"") | R59: =$F$19 | S59: =IF(Q59<6," ",IF(Q59>(R59+0.5),0,IF(Q59<(R59-0.5),0,1))) | T59: =$W$35 | U59: =$N$13 | V59: =IF(T59<2," ",IF(T59>(U59+0.5),0,IF(T59<(U59-0.5),0,1))) | W59: =$W$44 | X59: =(($W$25-($W$25*0.03))*$W$24*((259/(259-$W$24))*0.9982))/$L$55 | Y59: =(($W$33-($W$33*0.03))*$W$34*((259/(259-$W$34))*0.9982))/$L$55 | Z59: =(Q59*N59*((259/(259-N59))*0.9982))/$L$55 | AA59: =Y59-Z59 | AB59: =$W$17 | AC59: =$W$9 | AD59: =$W$21 | AE59: =$W$18-($W$18*0.03) | AF59: =W24*W25 | AG59: =$E$3 | AH59: =$N$3&"-3"
M60: =$Y$6 | N60: =IFERROR(($Y$34/($Y$39+$Y$38)*$Y$39),"") | O60: =$N$8 | P60: =IF(N60<6," ",IF(N60>(O60+0.5),0,IF(N60<(O60-0.5),0,1))) | Q60: =IFERROR($Y$39+$Y$38,"") | R60: =$F$19 | S60: =IF(Q60<6," ",IF(Q60>(R60+0.5),0,IF(Q60<(R60-0.5),0,1))) | T60: =$Y$35 | U60: =$N$13 | V60: =IF(T60<2," ",IF(T60>(U60+0.5),0,IF(T60<(U60-0.5),0,1))) | W60: =$Y$44 | X60: =(($Y$25-($Y$25*0.03))*$Y$24*((259/(259-$Y$24))*0.9982))/$L$55 | Y60: =(($Y$33-($Y$33*0.03))*$Y$34*((259/(259-$Y$34))*0.9982))/$L$55 | Z60: =(Q60*N60*((259/(259-N60))*0.9982))/$L$55 | AA60: =Y60-Z60 | AB60: =$Y$17 | AC60: =$Y$9 | AD60: =$Y$21 | AE60: =$Y$18-($Y$18*0.03) | AF60: =Y24*Y25 | AG60: =$E$3 | AH60: =$N$3&"-4"
M61: =$AA$6 | N61: =IFERROR(($AA$34/($AA$39+$AA$38)*$AA$39),"") | O61: =$N$8 | P61: =IF(N61<6," ",IF(N61>(O61+0.5),0,IF(N61<(O61-0.5),0,1))) | Q61: =IFERROR($AA$39+$AA$38,"") | R61: =$F$19 | S61: =IF(Q61<6," ",IF(Q61>(R61+0.5),0,IF(Q61<(R61-0.5),0,1))) | T61: =$AA$35 | U61: =$N$13 | V61: =IF(T61<2," ",IF(T61>(U61+0.5),0,IF(T61<(U61-0.5),0,1))) | W61: =$AA$44 | X61: =(($AA$25-($AA$25*0.03))*$AA$24*((259/(259-$AA$24))*0.9982))/$L$55 | Y61: =(($AA$33-($AA$33*0.03))*$AA$34*((259/(259-$AA$34))*0.9982))/$L$55 | Z61: =(Q61*N61*((259/(259-N61))*0.9982))/$L$55 | AA61: =Y61-Z61 | AB61: =$AA$17 | AC61: =$AA$9 | AD61: =$AA$21 | AE61: =$AA$18-($AA$18*0.03) | AF61: =AA24*AA25 | AG61: =$E$3 | AH61: =$N$3&"-5"
M62: =$AC$6 | N62: =IFERROR(($AC$34/($AC$39+$AC$38)*$AC$39),"") | O62: =$N$8 | P62: =IF(N62<6," ",IF(N62>(O62+0.5),0,IF(N62<(O62-0.5),0,1))) | Q62: =IFERROR($AC$39+$AC$38,"") | R62: =$F$19 | S62: =IF(Q62<6," ",IF(Q62>(R62+0.5),0,IF(Q62<(R62-0.5),0,1))) | T62: =$AC$35 | U62: =$N$13 | V62: =IF(T62<2," ",IF(T62>(U62+0.5),0,IF(T62<(U62-0.5),0,1))) | W62: =$AC$44 | X62: =(($AC$25-($AC$25*0.03))*$AC$24*((259/(259-$AC$24))*0.9982))/$L$55 | Y62: =(($AC$33-($AC$33*0.03))*$AC$34*((259/(259-$AC$34))*0.9982))/$L$55 | Z62: =(Q62*N62*((259/(259-N62))*0.9982))/$L$55 | AA62: =Y62-Z62 | AB62: =$AC$17 | AC62: =$AC$9 | AD62: =$AC$21 | AE62: =$AC$18-($AC$18*0.03) | AF62: =AC24*AC25 | AG62: =$E$3 | AH62: =$N$3&"-6"
M63: =$AE$6 | N63: =IFERROR(($AE$34/($AE$39+$AE$38)*$AE$39),"") | O63: =$N$8 | P63: =IF(N63<6," ",IF(N63>(O63+0.5),0,IF(N63<(O63-0.5),0,1))) | Q63: =IFERROR($AE$39+$AE$38,"") | R63: =$F$19 | S63: =IF(Q63<6," ",IF(Q63>(R63+0.5),0,IF(Q63<(R63-0.5),0,1))) | T63: =$AE$35 | U63: =$N$13 | V63: =IF(T63<2," ",IF(T63>(U63+0.5),0,IF(T63<(U63-0.5),0,1))) | W63: =$AE$44 | X63: =(($AE$25-($AE$25*0.03))*$AE$24*((259/(259-$AE$24))*0.9982))/$L$55 | Y63: =(($AE$33-($AE$33*0.03))*$AE$34*((259/(259-$AE$34))*0.9982))/$L$55 | Z63: =(Q63*N63*((259/(259-N63))*0.9982))/$L$55 | AA63: =Y63-Z63 | AB63: =$AE$17 | AC63: =$AE$9 | AD63: =$AE$21 | AE63: =$AE$18-($AE$18*0.03) | AF63: =AE24*AE25 | AG63: =$E$3 | AH63: =$N$3&"-7"
M64: =$AG$6 | N64: =IFERROR(($AG$34/($AG$39+$AG$38)*$AG$39),"") | O64: =$N$8 | P64: =IF(N64<6," ",IF(N64>(O64+0.5),0,IF(N64<(O64-0.5),0,1))) | Q64: =IFERROR($AG$39+$AG$38,"") | R64: =$F$19 | S64: =IF(Q64<6," ",IF(Q64>(R64+0.5),0,IF(Q64<(R64-0.5),0,1))) | T64: =$AG$35 | U64: =$N$13 | V64: =IF(T64<2," ",IF(T64>(U64+0.5),0,IF(T64<(U64-0.5),0,1))) | W64: =$AG$44 | X64: =(($AG$25-($AG$25*0.03))*$AG$24*((259/(259-$AG$24))*0.9982))/$L$55 | Y64: =(($AG$33-($AG$33*0.03))*$AG$34*((259/(259-$AG$34))*0.9982))/$L$55 | Z64: =(Q64*N64*((259/(259-N64))*0.9982))/$L$55 | AA64: =Y64-Z64 | AB64: =$AG$17 | AC64: =$AG$9 | AD64: =$AG$21 | AE64: =$AG$18-($AG$18*0.03) | AF64: =AG24*AG25 | AG64: =$E$3 | AH64: =$N$3&"-8"
M65: =$AG$6 | N65: =IFERROR(($AI$34/($AI$39+$AI$38)*$AI$39),"") | O65: =$N$8 | P65: =IF(N65<6," ",IF(N65>(O65+0.5),0,IF(N65<(O65-0.5),0,1))) | Q65: =IFERROR($AI$39+$AI$38,"") | R65: =$F$19 | S65: =IF(Q65<6," ",IF(Q65>(R65+0.5),0,IF(Q65<(R65-0.5),0,1))) | T65: =$AI$35 | U65: =$N$13 | V65: =IF(T65<2," ",IF(T65>(U65+0.5),0,IF(T65<(U65-0.5),0,1))) | W65: =$AI$44 | X65: =(($AI$25-($AI$25*0.03))*$AI$24*((259/(259-$AI$24))*0.9982))/$L$55 | Y65: =(($AI$33-($AI$33*0.03))*$AI$34*((259/(259-$AI$34))*0.9982))/$L$55 | Z65: =(Q65*N65*((259/(259-N65))*0.9982))/$L$55 | AA65: =Y65-Z65 | AB65: =$AI$17 | AC65: =$AI$9 | AD65: =$AI$21 | AE65: =$AI$18-($AI$18*0.03) | AF65: =AI24*AI25 | AG65: =$E$3 | AH65: =$N$3&"-9"

Sheet Gistkaart Invoer
K1: Specificaties
A2: Batch | D2: GLT | E2: LT | H2: =CHOOSE(WEEKDAY(H4),"Zondag","Maandag","Dinsdag","Woensdag","Donderdag","Vrijdag","Zaterdag") | K2: Parameter | N2: Unit | O2: Spec | P2: +/- | Q2: Parameter | S2: Unit | T2: Spec | U2: +/-
K3: Original extract | N3: °P | O3: ='Recept-voorblad'!F12 | P3: ='Recept-voorblad'!E12 | Q3: Lager temp, | S3: °C | T3: ='Recept-voorblad'!M23 | X3: =IF(COUNTIF('Recept-voorblad'!G58:I63,"warm")>0,IF(SUMIF('Recept-voorblad'!G58:P63,"warm",'Recept-voorblad'!P58:P63)= ">65000","Dry hop methode= "&"warm hopsteiner","Dry hop methode= "&"warm hopgun"),"")
A4: ='Recept-voorblad'!C3 | D4: =Brouwen!I5 | H4: =TODAY() | K4: ='Recept-voorblad'!A23 | N4: °C | O4: ='Recept-voorblad'!F23 | P4: ='Recept-voorblad'!E23 | Q4: Lagering time | S4: days | T4: ='Recept-voorblad'!M22 | X4: =ROUND(SUMIF('Recept-voorblad'!G55:P60,"warm",'Recept-voorblad'!P55:P60)/1000,1)&" kilogram dry hop"
K5: Temp, Warm dryhop 1 | N5: °C | O5: ='Recept-voorblad'!F24 | P5: ='Recept-voorblad'!E24 | Q5: Rest extract | S5: °P | T5: ='Recept-voorblad'!F13 | U5: ='Recept-voorblad'!E13
K6: Extract warm dryhop 1 | N6: °P | O6: ='Recept-voorblad'!F25 | P6: ='Recept-voorblad'!E25 | Q6: pH end product | T6: ='Recept-voorblad'!F17 | U6: ='Recept-voorblad'!E17 | X6: =IF(COUNTIF('Recept-voorblad'!G58:I63," @16C")>0,IF(SUMIF('Recept-voorblad'!G58:P63," @16C",'Recept-voorblad'!P58:P63)= ">65000","Dry hop methode= "&"@16C hopsteiner","Dry hop methode= "&" @16C hopgun"),"")
K7: Extract warm dryhop 2 | N7: °P | O7: ='Recept-voorblad'!F26 | P7: ='Recept-voorblad'!E26 | Q7: Alcohol | S7: %v/v | T7: ='Recept-voorblad'!F14 | U7: ='Recept-voorblad'!E14 | X7: =ROUND(SUMIF('Recept-voorblad'!G58:P63," @16C",'Recept-voorblad'!P58:P63)/1000,1)&" kilogram dry hop"
B8: Bier risico | D8: Bier status | K8: Extract warm dryhop 3 | N8: °P | O8: ='Recept-voorblad'!F27 | P8: ='Recept-voorblad'!E27 | Q8: Berekeningen
B9: ='Recept-voorblad'!N17 | D9: ='Recept-voorblad'!N23 | K9: Fermentation time | N9: days | O9: ='Recept-voorblad'!M21 | Q9: ADF | S9: %w/w | T9: {=IF(B13="","",(($B$13-(INDEX($B$13:$B$31,COUNTA($B$13:$B$31))))/$B$13)*100)} | X9: Cellar addition
Q10: Theoretical ABV | S10: %v/v | T10: {=IF(B13="","",($B$13-(INDEX($B$13:$B$31,COUNTA($B$13:$B$31))))*0.533)}
A12: Dagen | B12: Plato | C12: Temp Hoog | D12: Temp Laag | E12: pH | F12: div, | G12: Timer | H12: Plato afname | I12: Tijd tussen meting | J12: Datum | K12: Tijd | L12: Actie | O12: Opmerkingen | U12: Operator
A13: =+J13-$J$13+K13/24-$K$13/24 | B13: =IF(Brouwen!AG41="",IF(Brouwen!AE41="",IF(Brouwen!AC41="",IF(Brouwen!AA41="",IF(Brouwen!Y41="",IF(Brouwen!W41="",IF(Brouwen!U41="",Brouwen!S41,Brouwen!U41),Brouwen!W41),Brouwen!Y41),Brouwen!AA41),Brouwen!AC41),Brouwen!AE41),Brouwen!AG41) | E13: =IF(Brouwen!S35="","",AVERAGE(Brouwen!S35,Brouwen!U35,Brouwen!W35,Brouwen!Y35,Brouwen!AA35,Brouwen!AC35,Brouwen!AE35,Brouwen!AG35,Brouwen!AI35)) | J13: =TRUNC(IF(Brouwen!AG6="",IF(Brouwen!AE6="",IF(Brouwen!AC6="",IF(Brouwen!AA6="",IF(Brouwen!Y6="",IF(Brouwen!W6="",IF(Brouwen!U6="",Brouwen!S6,Brouwen!U6),Brouwen!W6),Brouwen!Y6),Brouwen!AA6),Brouwen!AC6),Brouwen!AE6),Brouwen!AG6)) | O13: laatste brouwsel
A14: =+J14-$J$13+K14/24-$K$13/24 | G14: =IF(K14="","",(B14-F14)/(H14+0.000001)*I14) | H14: =IF(B14="","",(B13-B14)) | I14: =IF(K14="","",24*(A14-A13))
A15: =+J15-$J$13+K15/24-$K$13/24 | G15: =IF(K15="","",(B15-F15)/(H15+0.000001)*I15) | H15: =IF(B15="","",(B14-B15)) | I15: =IF(K15="","",24*(A15-A14))
A16: =+J16-$J$13+K16/24-$K$13/24 | G16: =IF(K16="","",(B16-F16)/(H16+0.000001)*I16) | H16: =IF(B16="","",(B15-B16)) | I16: =IF(K16="","",24*(A16-A15))
A17: =+J17-$J$13+K17/24-$K$13/24 | G17: =IF(K17="","",(B17-F17)/(H17+0.000001)*I17) | H17: =IF(B17="","",(B16-B17)) | I17: =IF(K17="","",24*(A17-A16))
A18: =+J18-$J$13+K18/24-$K$13/24 | G18: =IF(K18="","",(B18-F18)/(H18+0.000001)*I18) | H18: =IF(B18="","",(B17-B18)) | I18: =IF(K18="","",24*(A18-A17))
A19: =+J19-$J$13+K19/24-$K$13/24 | G19: =IF(K19="","",(B19-F19)/(H19+0.000001)*I19) | H19: =IF(B19="","",(B18-B19)) | I19: =IF(K19="","",24*(A19-A18))
A20: =+J20-$J$13+K20/24-$K$13/24 | G20: =IF(K20="","",(B20-F20)/(H20+0.000001)*I20) | H20: =IF(B20="","",(B19-B20)) | I20: =IF(K20="","",24*(A20-A19))
A21: =+J21-$J$13+K21/24-$K$13/24 | G21: =IF(K21="","",(B21-F21)/(H21+0.000001)*I21) | H21: =IF(B21="","",(B20-B21)) | I21: =IF(K21="","",24*(A21-A20))
A22: =+J22-$J$13+K22/24-$K$13/24 | G22: =IF(K22="","",(B22-F22)/(H22+0.000001)*I22) | H22: =IF(B22="","",(B21-B22)) | I22: =IF(K22="","",24*(A22-A21))
A23: =+J23-$J$13+K23/24-$K$13/24 | G23: =IF(K23="","",(B23-F23)/(H23+0.000001)*I23) | H23: =IF(B23="","",(B22-B23)) | I23: =IF(K23="","",24*(A23-A22)) | O23: =IF('Recept-voorblad'!I91="-","-",'Recept-voorblad'!E91&" "&'Recept-voorblad'!A91&" @"&'Recept-voorblad'!I91)
A24: =+J24-$J$13+K24/24-$K$13/24 | G24: =IF(K24="","",(B24-F24)/(H24+0.000001)*I24) | H24: =IF(B24="","",(B23-B24)) | I24: =IF(K24="","",24*(A24-A23)) | O24: =IF('Recept-voorblad'!I92="-","-",'Recept-voorblad'!E92&" "&'Recept-voorblad'!A92&" @"&'Recept-voorblad'!I92)
A25: =+J25-$J$13+K25/24-$K$13/24 | G25: =IF(K25="","",(B25-F25)/(H25+0.000001)*I25) | H25: =IF(B25="","",(B24-B25)) | I25: =IF(K25="","",24*(A25-A24)) | O25: =IF('Recept-voorblad'!I93="-","-",'Recept-voorblad'!E93&" "&'Recept-voorblad'!A93&" @"&'Recept-voorblad'!I93)
A26: =+J26-$J$13+K26/24-$K$13/24 | G26: =IF(K26="","",(B26-F26)/(H26+0.000001)*I26) | H26: =IF(B26="","",(B25-B26)) | I26: =IF(K26="","",24*(A26-A25)) | O26: =IF('Recept-voorblad'!I94="-","-",'Recept-voorblad'!E94&" "&'Recept-voorblad'!A94&" @"&'Recept-voorblad'!I94)
A27: =+J27-$J$13+K27/24-$K$13/24 | G27: =IF(K27="","",(B27-F27)/(H27+0.000001)*I27) | H27: =IF(B27="","",(B26-B27)) | I27: =IF(K27="","",24*(A27-A26)) | O27: =IF('Recept-voorblad'!I95="-","-",'Recept-voorblad'!E95&" "&'Recept-voorblad'!A95&" @"&'Recept-voorblad'!I95)
A28: =+J28-$J$13+K28/24-$K$13/24 | G28: =IF(K28="","",(B28-F28)/(H28+0.000001)*I28) | H28: =IF(B28="","",(B27-B28)) | I28: =IF(K28="","",24*(A28-A27))
A29: =+J29-$J$13+K29/24-$K$13/24 | G29: =IF(K29="","",(B29-F29)/(H29+0.000001)*I29) | H29: =IF(B29="","",(B28-B29)) | I29: =IF(K29="","",24*(A29-A28))
A30: =+J30-$J$13+K30/24-$K$13/24 | G30: =IF(K30="","",(B30-F30)/(H30+0.000001)*I30) | H30: =IF(B30="","",(B29-B30)) | I30: =IF(K30="","",24*(A30-A29))
A31: =+J31-$J$13+K31/24-$K$13/24 | G31: =IF(K31="","",(B31-F31)/(H31+0.000001)*I31) | H31: =IF(B31="","",(B30-B31)) | I31: =IF(K31="","",24*(A31-A30))
A32: =+J32-$J$13+K32/24-$K$13/24 | G32: =IF(K32="","",(B32-F32)/(H32+0.000001)*I32) | H32: =IF(B32="","",(B31-B32)) | I32: =IF(K32="","",24*(A32-A31))
A33: =+J33-$J$13+K33/24-$K$13/24 | G33: =IF(K33="","",(B33-F33)/(H33+0.000001)*I33) | H33: =IF(B33="","",(B32-B33)) | I33: =IF(K33="","",24*(A33-A32))
A34: =+J34-$J$13+K34/24-$K$13/24 | G34: =IF(K34="","",(B34-F34)/(H34+0.000001)*I34) | H34: =IF(B34="","",(B33-B34)) | I34: =IF(K34="","",24*(A34-A33))
A35: =+J35-$J$13+K35/24-$K$13/24 | G35: =IF(K35="","",(B35-F35)/(H35+0.000001)*I35) | H35: =IF(B35="","",(B34-B35)) | I35: =IF(K35="","",24*(A35-A34))
A36: =+J36-$J$13+K36/24-$K$13/24 | G36: =IF(K36="","",(B36-F36)/(H36+0.000001)*I36) | H36: =IF(B36="","",(B35-B36)) | I36: =IF(K36="","",24*(A36-A35))
A37: =+J37-$J$13+K37/24-$K$13/24 | G37: =IF(K37="","",(B37-F37)/(H37+0.000001)*I37) | H37: =IF(B37="","",(B36-B37)) | I37: =IF(K37="","",24*(A37-A36))
A38: =+J38-$J$13+K38/24-$K$13/24 | G38: =IF(K38="","",(B38-F38)/(H38+0.000001)*I38) | H38: =IF(B38="","",(B37-B38)) | I38: =IF(K38="","",24*(A38-A37)) | AB38: datum
A39: =+J39-$J$13+K39/24-$K$13/24 | G39: =IF(K39="","",(B39-F39)/(H39+0.000001)*I39) | H39: =IF(B39="","",(B38-B39)) | I39: =IF(K39="","",24*(A39-A38)) | X39: =_xlfn.IFNA(IF(AB39>0,"x","-"),"-") | Z39: dry warm | AB39: {=INDEX(J11:L42,MATCH("*"&Z39&"*",TEXT(L11:L42,0),0),1)}
A40: =+J40-$J$13+K40/24-$K$13/24 | G40: =IF(K40="","",(B40-F40)/(H40+0.000001)*I40) | H40: =IF(B40="","",(B39-B40)) | I40: =IF(K40="","",24*(A40-A39))
A41: =+J41-$J$13+K41/24-$K$13/24 | G41: =IF(K41="","",(B41-F41)/(H41+0.000001)*I41) | H41: =IF(B41="","",(B40-B41)) | I41: =IF(K41="","",24*(A41-A40)) | X41: =_xlfn.IFNA(IF(AB41>0,"x","-"),"-") | Z41: dryhopping | AB41: {=INDEX(J11:L42,MATCH("*"&Z41&"*",TEXT(L11:L42,0),0),1)}
A42: =+J42-$J$13+K42/24-$K$13/24 | G42: =IF(K42="","",(B42-F42)/(H42+0.000001)*I42) | H42: =IF(B42="","",(B41-B42)) | I42: =IF(K42="","",24*(A42-A41))
A43: =+J43-$J$13+K43/24-$K$13/24 | G43: =IF(K43="","",(B43-F43)/(H43+0.000001)*I43) | H43: =IF(B43="","",(B42-B43)) | I43: =IF(K43="","",24*(A43-A42)) | X43: =_xlfn.IFNA(IF(AB43>0,"x","-"),"-") | Z43: koelen | AB43: {=INDEX(J11:L42,MATCH("*"&Z43&"*",TEXT(L11:L42,0),0),1)}
A44: =+J44-$J$13+K44/24-$K$13/24 | G44: =IF(K44="","",(B44-F44)/(H44+0.000001)*I44) | H44: =IF(B44="","",(B43-B44)) | I44: =IF(K44="","",24*(A44-A43))
A45: =+J45-$J$13+K45/24-$K$13/24 | G45: =IF(K45="","",(B45-F45)/(H45+0.000001)*I45) | H45: =IF(B45="","",(B44-B45)) | I45: =IF(K45="","",24*(A45-A44)) | X45: =_xlfn.IFNA(IF(AB45>0,"x","-"),"-") | Z45: toevoeging | AB45: {=INDEX(J11:L42,MATCH("*"&Z45&"*",TEXT(L11:L42,0),0),1)}
A46: =+J46-$J$13+K46/24-$K$13/24 | G46: =IF(K46="","",(B46-F46)/(H46+0.000001)*I46) | H46: =IF(B46="","",(B45-B46)) | I46: =IF(K46="","",24*(A46-A45))
A47: =+J47-$J$13+K47/24-$K$13/24 | G47: =IF(K47="","",(B47-F47)/(H47+0.000001)*I47) | H47: =IF(B47="","",(B46-B47)) | I47: =IF(K47="","",24*(A47-A46)) | X47: =_xlfn.IFNA(IF(AB47>0,"x","-"),"-") | Z47: sample naar lab | AB47: {=INDEX(J13:L44,MATCH("*"&Z47&"*",TEXT(L13:L44,0),0),1)}
A48: =+J48-$J$13+K48/24-$K$13/24 | G48: =IF(K48="","",(B48-F48)/(H48+0.000001)*I48) | H48: =IF(B48="","",(B47-B48)) | I48: =IF(K48="","",24*(A48-A47))
A49: =+J49-$J$13+K49/24-$K$13/24 | G49: =IF(K49="","",(B49-F49)/(H49+0.000001)*I49) | H49: =IF(B49="","",(B48-B49)) | I49: =IF(K49="","",24*(A49-A48))
A50: =+J50-$J$13+K50/24-$K$13/24 | G50: =IF(K50="","",(B50-F50)/(H50+0.000001)*I50) | H50: =IF(B50="","",(B49-B50)) | I50: =IF(K50="","",24*(A50-A49))
A51: =+J51-$J$13+K51/24-$K$13/24 | G51: =IF(K51="","",(B51-F51)/(H51+0.000001)*I51) | H51: =IF(B51="","",(B50-B51)) | I51: =IF(K51="","",24*(A51-A50))
A52: =+J52-$J$13+K52/24-$K$13/24 | G52: =IF(K52="","",(B52-F52)/(H52+0.000001)*I52) | H52: =IF(B52="","",(B51-B52)) | I52: =IF(K52="","",24*(A52-A51)) | Y52: NAGARDO ADD calculator
A53: =+J53-$J$13+K53/24-$K$13/24 | G53: =IF(K53="","",(B53-F53)/(H53+0.000001)*I53) | H53: =IF(B53="","",(B52-B53)) | I53: =IF(K53="","",24*(A53-A52)) | X53: Batch volume (fill in) | AA53: ='Recept-voorblad'!G7*'Recept-voorblad'!C9*100 | AB53: liter
A54: =+J54-$J$13+K54/24-$K$13/24 | G54: =IF(K54="","",(B54-F54)/(H54+0.000001)*I54) | H54: =IF(B54="","",(B53-B54)) | I54: =IF(K54="","",24*(A54-A53)) | X54: Dosing (fill in) | AA54: =VLOOKUP("*Nagardo*",'Recept-voorblad'!A91:H93,5,FALSE()) | AB54: ppm
A55: =+J55-$J$13+K55/24-$K$13/24 | G55: =IF(K55="","",(B55-F55)/(H55+0.000001)*I55) | H55: =IF(B55="","",(B54-B55)) | I55: =IF(K55="","",24*(A55-A54)) | X55: Nagardo weight (calc-ed) | AA55: =AA53*AA54/1000 | AB55: gram
A56: =+J56-$J$13+K56/24-$K$13/24 | G56: =IF(K56="","",(B56-F56)/(H56+0.000001)*I56) | H56: =IF(B56="","",(B55-B56)) | I56: =IF(K56="","",24*(A56-A55)) | X56: Volume water (calc-ed) | AA56: =AA55/(1000*0.01) | AB56: liter
A57: =+J57-$J$13+K57/24-$K$13/24 | G57: =IF(K57="","",(B57-F57)/(H57+0.000001)*I57) | H57: =IF(B57="","",(B56-B57)) | I57: =IF(K57="","",24*(A57-A56)) | Y57: PGA - Alginate add calculator
A58: =+J58-$J$13+K58/24-$K$13/24 | G58: =IF(K58="","",(B58-F58)/(H58+0.000001)*I58) | H58: =IF(B58="","",(B57-B58)) | I58: =IF(K58="","",24*(A58-A57)) | X58: Alginate | AA58: =AA60*0.02*1000 | AB58: gram
A59: =+J59-$J$13+K59/24-$K$13/24 | G59: =IF(K59="","",(B59-F59)/(H59+0.000001)*I59) | H59: =IF(B59="","",(B58-B59)) | I59: =IF(K59="","",24*(A59-A58)) | X59: hot water for 2% solution | AA59: =AA60 | AB59: liter
A60: =+J60-$J$13+K60/24-$K$13/24 | G60: =IF(K60="","",(B60-F60)/(H60+0.000001)*I60) | H60: =IF(B60="","",(B59-B60)) | I60: =IF(K60="","",24*(A60-A59)) | X60: volume pre-fuge at 0,4l/Hl | AA60: ='Recept-voorblad'!E92*(AA53/100) | AB60: liter
A61: =+J61-$J$13+K61/24-$K$13/24 | G61: =IF(K61="","",(B61-F61)/(H61+0.000001)*I61) | H61: =IF(B61="","",(B60-B61)) | I61: =IF(K61="","",24*(A61-A60))
A62: =+J62-$J$13+K62/24-$K$13/24 | G62: =IF(K62="","",(B62-F62)/(H62+0.000001)*I62) | H62: =IF(B62="","",(B61-B62)) | I62: =IF(K62="","",24*(A62-A61))
A63: =+J63-$J$13+K63/24-$K$13/24 | G63: =IF(K63="","",(B63-F63)/(H63+0.000001)*I63) | H63: =IF(B63="","",(B62-B63)) | I63: =IF(K63="","",24*(A63-A62))
B67: Nano Flavor pre-concentration | H67: Nano Flavor Dialysis | O67: Steps: Fields with ">" to be filled.
B68: Target 7,5°P | I68: OGW added | K68: Alcohol from AP | O68: 1. | P68: Fill in initial rest extract from Anton Paar results
B69: Initial Rest Extract | D69: °P | H69: Initial alcohol at | I69: 0 | J69: > hl | L69: % | O69: 2. | P69: Fill in initial volume from tank overview
B70: Initial Volume | D70: hl | H70: >Alcohol after | J70: > hl | L70: % | O70: 3. | P70: Start Nano Flavor, fill in calculated 'volume removed' at pre-concentration step in order start
B71: Target Rest Extract | C71: 7.5 | D71: °P | H71: >Alcohol after | J71: > hl | L71: % | O71: 4. | P71: When volume is removed Nano Flavor goes to Dialysis
H72: >Alcohol after | J72: > hl | L72: % | O72: 5. | P72: Fill in Initial alcohol from Anton Paar results
B73: Volume permeate line | C73: =C70-((C69*C70)/C71) | D73: hl | H73: >Alcohol after | J73: > hl | L73: % | O73: 6. | P73: Next day, take Anton Paar sample, fill in alcohol from Anton Paar result in next empty square
H74: Target Alcohol | K74: 0.5 | L74: % | O74: 7. | P74: Also fill in the Dialysis OGW added taken from Nano Flavor screen
H75: Constants | I75: {=IF(K71="",LINEST(LN(K69:K70),I69:I70),IF(K72="",LINEST(LN(K69:K71),I69:I71),IF(K73="",LINEST(LN(K69:K72),I69:I72),LINEST(LN(K69:K73),I69:I73))))} | J75: #VALUE! | K75: =EXP(J75) | L75: =LN(K74/K75)/I75 | O75: 8. | P75: Now you get an indication on how long the process will take
H77: Total volume to add in OGW | K77: =LN(K74/K75)/I75 | L77: hl
H79: >Volume OGW added | L79: hl
H80: >Current permeate flow | L80: hl/h
H81: Current alcohol content | K81: =K75*(EXP(1)^(I75*K79)) | L81: %
H82: Volume remaining | K82: =K77-K80 | L82: hl
H83: Time remaining | K83: =K82/K80 | L83: hrs
H84: Finish time | K84: =NOW()+(K83/24)

Sheet Verwerking
A1: Verwerking | S1: =D63
S2: =R62
A3: Beer name | C3: ='Gistkaart Invoer'!A4 | I3: Batchnummer: | L3: ='Recept-voorblad'!K3
S4: Check before processing:
A5: Specificaties | P5: Beer risk category | T5: - Minimum maturation = 5 days.
A6: Parameter | D6: unit | E6: spec, | G6: +/- | H6: Parameter | M6: unit | N6: spec, | O6: +/- | P6: ='Recept-voorblad'!N17 | T6: - Cellar adds completed
A7: Turbidity after centrifuge | D7: EBC | E7: ='Recept-voorblad'!M25 | G7: ='Recept-voorblad'!L25 | H7: CO2 spec HBT bottle | M7: g/l | N7: ='Recept-voorblad'!M13 | O7: ='Recept-voorblad'!L13-0.1 | T7: - CO2 spec bottle & can both in SAME HBT =
A8: Pasteurisation | D8: PU | E8: ='Recept-voorblad'!M24 | G8: 2 | H8: CO2 spec HBT KEG | M8: g/l | N8: ='Recept-voorblad'!M15 | O8: ='Recept-voorblad'!L15+0.2 | T8: middle between both specs
A9: O2 in HBT | D9: ppb | E9: 50 | G9: < | H9: CO2 spec HBT Can | N9: ='Recept-voorblad'!M14 | O9: ='Recept-voorblad'!L14-0.1
A10: Lagering
A11: O.G. GLT | D11: O2 | F11: CO2 | H11: Start date lagering
A12: Measurement after pushing over: | E12: ppb | G12: g/l | H12: Days on lagering | N12: =IF(D16="","",(D16-N11)) | P12: days
A13: Verwerking
A14: Name operator start | I14: Start of processing:
A15: Name operator end | I15: End of processing: | S15: Attention: put Alcohol as vol% (=ABV%)
A16: Date of processing | I16: Duration of processing: | P16: =IF(P15="","",(P15-P14)) | S16: Volume Mooie Nel | U16: --> | V16: 950 | W16: liter
S17: Alcohol Mooie Nel - batch | U17: =V22 | V17: 6.95 | W17: %ABV
A18: Processed from (G)LT: | G18: Standpijp | J18: General info | S18: Gewenste alcohol Super Dupa --> | V18: 5.5 | W18: %ABV
D19: O2 | G19: CO2 | S19: Volume after dilution | V19: =(V16+V20) | W19: liter
A20: Values in (G)LT before start | F20: ppb | I20: g/l | J20: Losses | L20: 1 | M20: frequency | O20: 10 | Q20: Minutes | S20: to be added amount of water | V20: =(V17-V18)*V16/V18 | W20: liter
A21: Centrifuge start out | F21: ppb | I21: g/l | J21: Flow [hl/u] | M21: HL processed [hl] | P21: Turbidity [EBC] | R21: Bypass [%]
F22: ppb | I22: g/l | S22: Made from batch Mooie Nel
F23: ppb | I23: g/l | S23: Effective pushed-over volume | W23: liter
F24: ppb | I24: g/l | S24: Effective water added | W24: liter
A25: Pasteurised with | F25: PU | G25: Avg. Temp out | L25: °C | M25: Avg. Turbidity | R25: EBC | T25: fill in all yellow cells
A26: Time [hh:mm] | C26: Comments processing
A31: Comments tasting | Q31: Go or Not Go? | R31: -
A32: Bright beer tanks (HBT):
M33: Comments | T33: fill in yellow cells only
A34: HBT | D34: HL | F34: ppb | I34: g/l | J34: Can | T34: NAGARDO ADD calculator #1
A35: HBT | D35: HL | F35: ppb | I35: g/l | J35: Bottle | S35: Volume to process in HBT | U35: 11 | V35: 60 | W35: HL
A36: HBT | D36: HL | F36: ppb | I36: g/l | J36: KEG | S36: Dosing (from recept-voorblad) | V36: =VLOOKUP("*Nagardo*",'Recept-voorblad'!$A$91:$H$93,5,FALSE()) | W36: ppm
A37: HBT | D37: HL | F37: ppb | I37: g/l | J37: Fill in | S37: Nagardo weight (calc-ed) | V37: =V35*V36/1000*100 | W37: gram
A38: HBT | D38: HL | F38: ppb | I38: g/l | J38: Can | S38: Volume water (calc-ed) | V38: =V37/(1000*0.01) | W38: liter
A39: HBT | D39: HL | F39: ppb | I39: g/l | J39: Fill in | S39: Calculation correct? | U39: initials | V39: Yes/No
A40: HBT | D40: HL | F40: ppb | I40: g/l | J40: Fill in | S40: Operator #1 | V40: No
A41: HBT | D41: HL | F41: ppb | I41: g/l | J41: Fill in | S41: Operator #2 | V41: No
A42: HBT | D42: HL | F42: ppb | I42: g/l | J42: Fill in | S42: Laboratory | V42: No
A43: HBT | D43: HL | F43: ppb | I43: g/l | J43: Fill in | T43: PGA - Alginate add calculator
A44: HBT | D44: HL | F44: ppb | I44: g/l | J44: Fill in | S44: Alginate | V44: =V46*0.02*1000 | W44: gram
A45: HBT | D45: HL | F45: ppb | I45: g/l | J45: Fill in | S45: hot water for 2% solution | V45: =V46 | W45: liter
A46: HBT | D46: HL | F46: ppb | I46: g/l | J46: Fill in | S46: volume pre-fuge at 0,4l/Hl | V46: ='Recept-voorblad'!$E$92*(V35/100*100) | W46: liter
A47: HBT | D47: HL | F47: ppb | I47: g/l | J47: Fill in
A48: HBT | D48: HL | F48: ppb | I48: g/l | J48: Fill in | T48: NAGARDO ADD calculator #2
A49: HBT | D49: HL | F49: ppb | I49: g/l | J49: Fill in | S49: Volume to process in HBT | U49: 12 | V49: 120 | W49: HL
A50: HBT | D50: HL | F50: ppb | I50: g/l | J50: Fill in | S50: Dosing (from recept-voorblad) | V50: =VLOOKUP("*Nagardo*",'Recept-voorblad'!$A$91:$H$93,5,FALSE()) | W50: ppm
A51: HBT | D51: HL | F51: ppb | I51: g/l | J51: Fill in | S51: Nagardo weight (calc-ed) | V51: =V49*V50/1000*100 | W51: gram
A52: HBT | D52: HL | F52: ppb | I52: g/l | J52: Fill in | S52: Volume water (calc-ed) | V52: =V51/(1000*0.01) | W52: liter
A53: HBT | D53: HL | F53: ppb | I53: g/l | J53: Fill in | S53: Calculation correct? | U53: initials | V53: Yes/No
A54: HBT | D54: HL | F54: ppb | I54: g/l | J54: Fill in | S54: Operator #1 | V54: No
S55: Operator #2 | V55: No
A56: Total measured volumes | S56: Laboratory | V56: No
G57: O2 | I57: CO2 | K57: Comments | T57: PGA - Alginate add calculator
A58: End value HBT: | F58: HL | H58: ppb | J58: g/l | S58: Alginate | V58: =V60*0.02*1000 | W58: gram
A59: End value HBT: | F59: HL | H59: ppb | J59: g/l | S59: hot water for 2% solution | V59: =V60 | W59: liter
A60: End value HBT: | F60: HL | H60: ppb | J60: g/l | S60: volume pre-fuge at 0,4l/Hl | V60: ='Recept-voorblad'!$E$92*(V49/100*100) | W60: liter
A61: End value HBT: | F61: HL | H61: ppb | J61: g/l
K62: GLT empty? | R62: no
A63: Total end volume | D63: =SUM(E58:E61) | F63: HL

Sheet Afvullen
A1: Afvullen
A3: Naam bier | C3: =Verwerking!C3 | D3: Batchnummer: | E3: ='Recept-voorblad'!K3 | I3: Afvullingen
A5: Productie opdracht specificaties | D5: controleur | E5: Bier risico | M5: Datum | N5: Datum | O5: Datum | P5: Datum | Q5: Datum | R5: Datum
A6: EAN doos fles 24x33cl: | E6: ='Recept-voorblad'!N17
A7: EAN doos fles 12x33cl: | M7: HBT nr | N7: HBT nr | O7: HBT nr | P7: HBT nr | Q7: HBT nr | R7: HBT nr
A8: EAN doos blik 24x33cl:
A9: EAN doos blik 12x33cl: | M9: Start Afvul | N9: Start Afvul | O9: Start Afvul | P9: Start Afvul | Q9: Start Afvul | R9: Start Afvul
A10: Codering fles: | M10: 0 | N10: 0 | O10: 0 | P10: 0 | Q10: 0 | R10: 0
A11: Codering blik: | M11: Einde Afvul | N11: Einde Afvul | O11: Einde Afvul | P11: Einde Afvul | Q11: Einde Afvul | R11: Einde Afvul
A12: Codering vat: | M12: 0 | N12: 0 | O12: 0 | P12: 0 | Q12: 0 | R12: 0
A13: Dag nummer | C13: =TODAY()-DATE(2023,12,31) | I13: Afgevuld door:
A14: Productie opdracht
A15: Fles Afvul 1,
A16: Flessoort: | D16: Doossoort: | I16: Monstername door:
A17: Etiketten: | D17: Codering doos: | I17: Controle 1e verpakking (twee operators):
A18: Codering fles: | D18: Ean code doos: | I18: Vulpijp-detectiecontrole 1e verpakking:
A19: Kroonkurk: | D19: Logo doos: | I19: Vulpijp-detectiecontrole einde batch:
A20: Fles Afvul 2, | I20: Klapflessen
A21: Flessoort: | D21: Doossoort: | I21: Klapfles beheerst? | M21: Y/N | N21: Y/N | O21: Y/N | P21: Y/N | Q21: Y/N | R21: Y/N
A22: Etiketten: | D22: Codering doos:
A23: Codering fles: | D23: Ean code doos: | I23: Parameter | J23: [unit] | K23: spec, | L23: +/- | M23: waarde | N23: waarde | O23: waarde | P23: waarde | Q23: waarde | R23: waarde | T23: pack type | U23: can 330ml
A24: Kroonkurk: | D24: Logo doos: | I24: time | T24: weigh MT | V24: g
A25: Fles Afvul 3, | I25: TPO Fles / Can 1 | J25: [ppb] | K25: ='Recept-voorblad'!$M$16+'Recept-voorblad'!$M$17 | L25: < | T25: contents 1 | V25: g
A26: Flessoort: | D26: Doossoort: | I26: HSO Fles / Can 1 | J26: [ppb] | K26: ='Recept-voorblad'!$M$16 | L26: ='Recept-voorblad'!$L$16 | T26: contents 2 | V26: g
A27: Etiketten: | D27: Codering doos: | I27: DO Fles / Can 1 | J27: [ppb] | K27: ='Recept-voorblad'!$M$17 | T27: contents 3 | V27: g
A28: Codering fles: | D28: Ean code doos: | I28: HS vol. | T28: contents 4 | V28: g
A29: Kroonkurk: | D29: Logo doos: | I29: Druk | T29: contents 5 | V29: g
A30: Blik Afvul 1, | I30: Temp(00C) | T30: contents 6 | V30: g
A31: bliksoort: | D31: Doossoort: | I31: CO2 Fles / Can 1 (200C) | J31: [g/l] | K31: ='Recept-voorblad'!$M$13 | L31: ='Recept-voorblad'!$L$13 | T31: contents 7 | V31: g
A32: Etiketten: | D32: Codering doos: | I32: CO2 Fust 1 | J32: [g/l] | K32: ='Recept-voorblad'!$M$15 | L32: ='Recept-voorblad'!$L$15 | T32: contents 8 | V32: g
A33: Codering blik: | D33: Ean code doos: | I33: Zuurstof Fust 1 | J33: [ppb] | K33: ='Recept-voorblad'!$M$17 | L33: ='Recept-voorblad'!$L$17 | T33: contents 9 | V33: g
A34: deksel: | D34: Logo doos: | I34: time | T34: contents 10 | V34: g
A35: Blik Afvul 2, | I35: TPO Fles / Can 2 | J35: [ppb] | K35: ='Recept-voorblad'!$M$16+'Recept-voorblad'!$M$17 | L35: < | T35: contents 11 | V35: g
A36: bliksoort: | D36: Doossoort: | I36: HSO Fles / Can 2 | J36: [ppb] | K36: ='Recept-voorblad'!$M$16 | L36: ='Recept-voorblad'!$L$16 | T36: contents 12 | V36: g
A37: Etiketten: | D37: Codering doos: | I37: DO Fles / Can 2 | J37: [ppb] | K37: ='Recept-voorblad'!$M$17 | T37: contents 13 | V37: g
A38: Codering blik: | D38: Ean code doos: | I38: HS vol. | T38: contents 14 | V38: g
A39: deksel: | D39: Logo doos: | I39: Druk | T39: contents 15 | V39: g
A40: Fust Afvul 1, | I40: Temp(00C) | T40: contents 16 | V40: g
A41: Fustmaat: | D41: Logo: | I41: CO2 Fles / Can 2 (200C) | J41: [g/l] | K41: ='Recept-voorblad'!$M$13 | L41: ='Recept-voorblad'!$L$13 | T41: contents 17 | V41: g
A42: Ean code: | I42: CO2 Fust 2 | J42: [g/l] | K42: ='Recept-voorblad'!$M$15 | L42: ='Recept-voorblad'!$L$15 | T42: contents 18 | V42: g
A43: Fust Afvul 2, | I43: Zuurstof Fust 2 | J43: [ppb] | K43: ='Recept-voorblad'!$M$17 | L43: ='Recept-voorblad'!$L$17 | T43: contents 19 | V43: g
A44: Fustmaat: | D44: Logo: | I44: time | T44: contents 20 | V44: g
A45: Ean code: | I45: TPO Fles / Can 3 | J45: [ppb] | K45: ='Recept-voorblad'!$M$16+'Recept-voorblad'!$M$17 | L45: <
I46: HSO Fles / Can 3 | J46: [ppb] | K46: ='Recept-voorblad'!$M$16 | L46: ='Recept-voorblad'!$L$16 | T46: Average (ml) | U46: =IFERROR((AVERAGE(U25:U44)-U24)/U51,"") | V46: =VLOOKUP(U23,T52:V56,3,0)
A47: Opmerkingen productie opdracht: | I47: DO Fles / Can 3 | J47: [ppb] | K47: ='Recept-voorblad'!$M$17 | T47: T1 (g) | U47: =(VLOOKUP(U23,T52:V56,3,0)-VLOOKUP(U23,T52:U56,2,0))*U51+U24 | V47: =IF(V58,(100*NORMSDIST(((V46-U49)-U46)/V57)),"")
A48: =IF(Verwerking!N7=5.6," ","LET OP The CO2 concentration can/bottle is " &K31 & " g/l ") | I48: HS vol. | T48: T2 | U48: =(VLOOKUP(U23,T52:V56,3,0)-VLOOKUP(U23,T52:U56,2,0)*2)*U51+U24 | V48: =COUNTIF(U25:U44, "<"& U48)
I49: Druk | T49: TNE | U49: =VLOOKUP(U23,T52:U56,2,0)
I50: Temp(00C)
I51: CO2 Fles / Can 3 (200C) | J51: [g/l] | K51: ='Recept-voorblad'!$M$13 | L51: ='Recept-voorblad'!$L$13 | T51: density | V51: g/ml
A52: OEE | C52: beschibaarheid | D52: prestatie | E52: kwaliteit | F52: OEE | I52: CO2 Fust 3 | J52: [g/l] | K52: ='Recept-voorblad'!$M$15 | L52: ='Recept-voorblad'!$L$15 | T52: can 275ml | U52: 9 | V52: 275
A53: fles | I53: Zuurstof Fust 3 | J53: [ppb] | K53: ='Recept-voorblad'!$M$17 | L53: ='Recept-voorblad'!$L$17 | T53: can 330ml | U53: =0.03*330 | V53: 330
A54: can | I54: time | T54: can 440ml | U54: =0.03*440 | V54: 440
A55: vat | I55: TPO Fles / Can 4 | J55: [ppb] | K55: ='Recept-voorblad'!$M$16+'Recept-voorblad'!$M$17 | L55: < | T55: bottle 330ml | U55: =0.03*330 | V55: 330
I56: HSO Fles / Can 4 | J56: [ppb] | K56: ='Recept-voorblad'!$M$16 | L56: ='Recept-voorblad'!$L$16 | T56: bottle 750ml | U56: =15 | V56: 750
I57: DO Fles / Can 4 | J57: [ppb] | K57: ='Recept-voorblad'!$M$17 | U57: =COUNTIF(V47, ">=0,025")+COUNTIF(V48, ">=0,099") | V57: =STDEV(U25:U44)
A58: Verbruiken | C58: leeg goed | D58: underfills | E58: ongelabelled | F58: verlies | I58: HS vol. | V58: =((V46-U49)/(4*V57))
A59: fles | C59: =Afvulverslag!M48 | F59: =Afvulverslag!R9 | I59: Druk
A60: can | C60: =Afvulverslag!M76 | E60: =IFERROR(Afvulverslag!M81/Afvulverslag!K81,"") | I60: Temp(00C)
A61: vat | C61: =SUM(Afvulverslag!M85:M87) | I61: CO2 Fles / Can 4 (200C) | J61: [g/l] | K61: ='Recept-voorblad'!$M$13 | L61: ='Recept-voorblad'!$L$13
I62: CO2 Fust 4 | J62: [g/l] | K62: ='Recept-voorblad'!$M$15 | L62: ='Recept-voorblad'!$L$15
I63: Zuurstof Fust 4 | J63: [ppb] | K63: ='Recept-voorblad'!$M$17 | L63: ='Recept-voorblad'!$L$17
A64: Quality | C64: %Estimate of control | D64: average | E64: cp | F64: std | I64: time
A65: CO2 fles/can | C65: =IF(E65,(100-((100-(100*NORMSDIST(((K31+L31)-D65)/F65)))+(100-(100*NORMSDIST((D65-(K31-L31))/F65)))))/100,"") | D65: =AVERAGE(M31:R31,M41:R41,M51:R51,M61:R61,M71:R71,M81:R81,M91:R91) | E65: =((K31+L31)-(K31-L31))/(4*F65) | F65: =IF(COUNT(M31:R31,M41:R41,M51:R51,M61:R61,M71:R71,M81:R81,M91:R91)>1,STDEV(M31:R31,M41:R41,M51:R51,M61:R61,M71:R71,M81:R81,M91:R91),0.01) | I65: TPO Fles / Can 5 | J65: [ppb] | K65: ='Recept-voorblad'!$M$16+'Recept-voorblad'!$M$17 | L65: <
A66: HSO fles/can | C66: =IF(E66,(100-((100-(100*NORMSDIST((K26-D66)/F66)))))/100,"") | D66: =AVERAGE(M26:R26,M36:R36,M46:R46,M56:R56,M66:R66,M76:R76,M86:R86) | E66: =((K26)/(4*F66)) | F66: =IF(COUNT(M26:R26,M36:R36,M46:R46,M56:R56,M66:R66,M76:R76,M86:R86)>1,STDEV(M26:R26,M36:R36,M46:R46,M56:R56,M66:R66,M76:R76,M86:R86),0.01) | I66: HSO Fles / Can 5 | J66: [ppb] | K66: ='Recept-voorblad'!$M$16 | L66: ='Recept-voorblad'!$L$16
A67: DO fles/can | C67: =IF(E67,(100-((100-(100*NORMSDIST((K27-D67)/F67)))))/100,"") | D67: =AVERAGE(M27:R27,M37:R37,M47:R47,M57:R57,M67:R67,M77:R77,M87:R87) | E67: =((K27)/(4*F67)) | F67: =IF(COUNT(M27:R27,M37:R37,M47:R47,M57:R57,M67:R67,M77:R77,M87:R87)>1,STDEV(M27:R27,M37:R37,M47:R47,M57:R57,M67:R67,M77:R77,M87:R87),0.01) | I67: DO Fles / Can 5 | J67: [ppb] | K67: ='Recept-voorblad'!$M$17
A68: TPO fles/can | C68: =IF(E68,(100-((100-(100*NORMSDIST((K25-D68)/F68)))))/100,"") | D68: =AVERAGE(M25:R25,M35:R35,M45:R45,M55:R55,M65:R65,M75:R75,M85:R85) | E68: =((K25)/(4*F68)) | F68: =IF(COUNT(M25:R25,M35:R35,M45:R45,M55:R55,M65:R65,M75:R75,M85:R85)>1,STDEV(M25:R25,M35:R35,M45:R45,M55:R55,M65:R65,M75:R75,M85:R85),0.01) | I68: HS vol.
A69: CO2 fust | C69: =IF(E69,(100-((100-(100*NORMSDIST(((K32+L32)-D69)/F69)))+(100-(100*NORMSDIST((D69-(K32-L32))/F69)))))/100,FALSE()) | D69: =AVERAGE(M32:R32,M42:R42,M52:R52,M62:R62,M72:R72,M82:R82,M92:R92) | E69: =((K32+L32)-(K32-L32))/(4*F69) | F69: =IF(COUNT(M32:R32,M42:R42,M52:R52,M62:R62,M71:R71,M81:R81,M91:R91)>1,STDEV(M32:R32,M42:R42,M52:R52,M62:R62,M71:R71,M81:R81,M91:R91),0.01) | I69: Druk
A70: DO fust | C70: =IF(E70,(100-((100-(100*NORMSDIST((K33-D70)/F70)))))/100,"") | D70: =AVERAGE(M33:R33,M43:R43,M53:R53,M63:R63,M73:R73,M83:R83,M93:R93) | E70: =((K33)/(4*F70)) | F70: =IF(COUNT(M33:R33,M43:R43,M53:R53,M63:R63,M72:R72,M82:R82,M92:R92)>1,STDEV(M33:R33,M43:R43,M53:R53,M63:R63,M72:R72,M82:R82,M92:R92),0.01) | I70: Temp(00C)
I71: CO2 Fles / Can 5 (200C) | J71: [g/l] | K71: ='Recept-voorblad'!$M$13 | L71: ='Recept-voorblad'!$L$13
I72: CO2 Fust 5 | J72: [g/l] | K72: ='Recept-voorblad'!$M$15 | L72: ='Recept-voorblad'!$L$15
I73: Zuurstof Fust 5 | J73: [ppb] | K73: ='Recept-voorblad'!$M$17 | L73: ='Recept-voorblad'!$L$17
I74: time
I75: TPO Fles / Can 6 | J75: [ppb] | K75: ='Recept-voorblad'!$M$16+'Recept-voorblad'!$M$17 | L75: <
I76: HSO Fles / Can 6 | J76: [ppb] | K76: ='Recept-voorblad'!$M$16 | L76: ='Recept-voorblad'!$L$16
I77: DO Fles / Can 6 | J77: [ppb] | K77: ='Recept-voorblad'!$M$17
I78: HS vol.
I79: Druk
I80: Temp(00C)
I81: CO2 Fles / Can 6 (200C) | J81: [g/l] | K81: ='Recept-voorblad'!$M$13 | L81: ='Recept-voorblad'!$L$13
I82: CO2 Fust 6 | J82: [g/l] | K82: ='Recept-voorblad'!$M$15 | L82: ='Recept-voorblad'!$L$15
I83: Zuurstof Fust 6 | J83: [ppb] | K83: ='Recept-voorblad'!$M$17 | L83: ='Recept-voorblad'!$L$17
I84: time
I85: TPO Fles / Can 7 | J85: [ppb] | K85: ='Recept-voorblad'!$M$16+'Recept-voorblad'!$M$17 | L85: <
I86: HSO Fles / Can 7 | J86: [ppb] | K86: ='Recept-voorblad'!$M$16 | L86: ='Recept-voorblad'!$L$16
I87: DO Fles / Can 7 | J87: [ppb] | K87: ='Recept-voorblad'!$M$17
I88: HS vol.
I89: Druk
I90: Temp(00C)
I91: CO2 Fles / Can 7 (200C) | J91: [g/l] | K91: ='Recept-voorblad'!$M$13 | L91: ='Recept-voorblad'!$L$13
I92: CO2 Fust 7 | J92: [g/l] | K92: ='Recept-voorblad'!$M$15 | L92: ='Recept-voorblad'!$L$15
I93: Zuurstof Fust 7 | J93: [ppb] | K93: ='Recept-voorblad'!$M$17 | L93: ='Recept-voorblad'!$L$17
I98: DO Fles / Can 1 | J98: [ppb] | K98: ='Recept-voorblad'!$M$17
I99: HS vol.
I100: Druk
I101: Temp(00C)
I102: CO2 Fles / Can 1 (200C) | J102: [g/l] | K102: ='Recept-voorblad'!$M$13
I103: CO2 Fust 1 | J103: [g/l] | K103: ='Recept-voorblad'!$M$15
I104: Zuurstof Fust 1 | J104: [ppb] | K104: ='Recept-voorblad'!$M$17

Sheet Afvulverslag
B1: Afvulverslag | M1: TOTALEN
B3: Naam Bier | C3: =Afvullen!C3 | F3: Batch | H3: ='Recept-voorblad'!K3 | M3: Totaal HL's van Verwer- king (Liters) | O3: Totaal Afgevuld | Q3: Nog te doen / restant / verlies
B5: Opmerkingen bij afvullen | O5: (liters) | Q5: (liters) | R5: %
D6: Datum | E6: Datum | F6: Datum | G6: Datum | H6: Datum | I6: Datum | M6: =Verwerking!D63*100 | O6: =(M9+M11+M13+Q9) | Q6: =M6-O6 | R6: =1-O6/M6
D8: HBT nr | E8: HBT nr | F8: HBT nr | G8: HBT nr | H8: HBT nr | I8: HBT nr | M8: Totaal Liters Fles | Q8: Totaal Liters Blik
M9: =SUM(M17:M26) | Q9: =SUM(M28:M31)
D10: Volume (HL) | E10: Volume (HL) | F10: Volume (HL) | G10: Volume (HL) | H10: Volume (HL) | I10: Volume (HL) | M10: Totaal Liters Fust
M11: =SUM(M34:M41)
M12: Totaal samengevoegd
A13: =+J13-$J$13+K13/24-$K$13/24 | B13: Ingevuld door | C13: Naam | M13: =SUM(K44:K46)
K15: OPBOEKEN (+)
B16: AFVUL FLESSEN | C16: EAN | D16: Aantallen | E16: Aantallen | F16: Aantallen | G16: Aantallen | H16: Aantallen | I16: Aantallen | K16: TOTALEN | M16: LITERS
B17: Doos 24x33cl | C17: =Afvullen!C6 | K17: =SUM(D17:I17) | M17: =K17*0.33*24
B18: Doos 24x33cl - BLANCO | C18: =C17 | K18: =SUM(D18:I18) | M18: =K18*0.33*24
B20: Doos 12x33cl | C20: =Afvullen!C7 | K20: =SUM(D20:I20) | M20: =K20*0.33*12
B21: Doos 12x33cl - BLANCO | C21: =C20 | K21: =SUM(D21:I21) | M21: =K21*0.33*12
B23: Doos 6x75cl | K23: =SUM(D23:I23) | M23: =K23*6*0.75
B24: Doos 6x75cl - BLANCO | C24: =C23 | K24: =SUM(D24:I24) | M24: =K24*6*0.75
B25: Krat 12x75cl - BLANCO | K25: =SUM(D25:I25) | M25: =K25*12*0.75
K26: ='Recept-voorblad'!$M$13
B27: AFVUL BLIKKEN | C27: Opmerkingen | D27: Aantallen | E27: Aantallen | F27: Aantallen | G27: Aantallen | H27: Aantallen | I27: Aantallen | K27: TOTALEN | M27: LITERS
B28: Doos 12x33cl Blik | C28: =Afvullen!C9 | K28: =SUM(D28:I28) | M28: =K28*0.33*12
B29: Doos 24x33cl Blik | C29: =Afvullen!C8 | K29: =SUM(D29:I29) | M29: =K29*0.33*24
B30: Doos 12x44cl Blik | C30: =Afvullen!C9 | K30: =SUM(D30:I30) | M30: =K30*0.44*12
B31: Doos 24x44cl Blik | C31: =Afvullen!C10 | K31: =SUM(D31:I31) | M31: =K31*0.44*24
B33: AFVUL FUSTEN & KEYKEGS | C33: Opmerkingen | D33: Aantallen | E33: Aantallen | F33: Aantallen | G33: Aantallen | H33: Aantallen | I33: Aantallen | K33: TOTALEN | M33: LITERS
B34: 20L KeyKeg | K34: =SUM(D34:I34) | M34: =K34*20
B35: 20L KU Fust | K35: =SUM(D35:I35) | M35: =K35*20
B36: 30L Jopen Fust | K36: =SUM(D36:I36) | M36: =K36*30
B37: 50L Jopen Fust | K37: =SUM(D37:I37) | M37: =K37*50
B39: 20L Gbr. Door Vrouwen fust | K39: =SUM(D39:I39) | M39: =K39*20
B40: 20L Other kegs | K40: =SUM(D40:I40) | M40: =K40*20
B41: 30L KeyKeg | K41: =SUM(D41:I41) | M41: =K41*30
B43: GEBRUIKT TBV SAMENVOEGEN / BARREL AGING | C43: Opmerkingen | D43: Liters | E43: Liters | F43: Liters | G43: Liters | H43: Liters | I43: Liters | K43: TOTALEN Liters
B44: TBV BATCH …, | K44: =SUM(D44:I44) | M44: =K44
B45: TBV BARREL AGING BATCH… | K45: =SUM(D45:I45) | M45: =K45
K46: =SUM(D46:I46)
B48: VERBRUIKEN : | K48: UITSCHRIJVEN (-)
B49: VERBRUIKEN FLES | C49: Opmerkingen | D49: Aantal | E49: Aantal | F49: Aantal | G49: Aantal | H49: Aantal | I49: Aantal | K49: TOTALEN | M49: VERLIES
B50: Fles 33cl | K50: =SUM(D50:I50) | M50: =K50-SUM(K17:K18)*24-SUM(K20:K21)*12
B52: Stickerlabel 33cl - Main | K52: =SUM(D52:I52) | M52: =K52-$K$17*24-$K$20*12
B53: Stickerlabel 33cl - Neck | K53: =SUM(D53:I53) | M53: =K53-$K$17*24-$K$20*12
B55: Omdozen 24x33cl - Bedrukt: | K55: =SUM(D55:I55) | M55: =K55-K17
B56: Omdozen 24x33cl - Blanco | K56: =SUM(D56:I56) | M56: =K56-K18
B58: Omdozen 12x33cl - Bedrukt: | K58: =SUM(D58:I58) | M58: =K58-K20
B59: Omdozen 12x33cl - Blanco | K59: =SUM(D59:I59) | M59: =K59-K21
B61: Kroonkurk: | K61: =SUM(D61:I61) | M61: =C61-SUM(K17:K18)*24-SUM(K20:K21)*12 | O61: Doos á | Q61: 10000 | R61: =K61/Q61
O62: Inhoud doos kan variëren!
B63: Fles 75cl | K63: =SUM(D63:I63) | M63: =K63-SUM(K23:K24)*6-K25*12
B64: Stickerlabel 75cl - Main | K64: =SUM(D64:I64) | M64: =K64-K23*6
B65: Stickerlabel 75cl - Neck | K65: =SUM(D65:I65) | M65: =K65-K23*6
B67: Omdozen 6x75cl - Bedrukt: | K67: =SUM(D67:I67) | M67: =K67-K23
B68: Omdozen 6x75cl - Blanco | K68: =SUM(D68:I68) | M68: =K68-K24
B70: Kurk: | K70: =SUM(D70:I70) | M70: =K70-SUM(K23:K24)*6-K25*12 | O70: Doos á | Q70: 2500 | R70: =K70/Q70
B71: Musseletten: | K71: =SUM(D71:I71) | M71: =K71-SUM(K23:K24)*6--K25*12 | O71: Doos á | Q71: 2700 | R71: =K71/Q71
O72: =O62
B73: VERBRUIKEN BLIK-artikelen | C73: Opmerkingen | D73: Aantal | E73: Aantal | F73: Aantal | G73: Aantal | H73: Aantal | I73: Aantal | K73: TOTALEN | M73: VERLIES
B74: Blik 33cl | K74: =SUM(D74:I74) | M74: =K74-(K28*12)
B75: Blik 44cl | M75: =K75-(K29*12)
B76: Blik Deksel | K76: =SUM(D76:I76) | M76: =K76-(K28*12)
B77: Stickerlabel 33cl blik | K77: =SUM(D77:I77) | M77: =K77-(K28*12)
B78: Stickerlabel 44cl blik | M78: =K78-(K29*12)
B79: Omdozen 12x33cl blik - Blanco | K79: =SUM(D79:I79) | M79: =K79-K28
B80: Omdozen 24x33cl blik - Blanco | M80: =K80-K29
B81: Omdozen 12x44cl blik - Blanco | M81: =K81-K30
B82: Omdozen 24x44cl blik - Blanco | M82: =K82-K31
B84: VERBRUIKEN FUST-artikelen | C84: Opmerkingen | D84: Aantal | E84: Aantal | F84: Aantal | G84: Aantal | H84: Aantal | I84: Aantal | K84: TOTALEN | M84: VERLIES
B85: Global Keg 20L: | K85: =SUM(D85:I85) | M85: =K85-K34
B86: Jopen Fust 20L: | K86: =SUM(D86:I86) | M86: =K86-K35
B87: Jopen Fust 30L: | K87: =SUM(D87:I87) | M87: =K87-K36
B88: Jopen Fust 50L: | K88: =SUM(D88:I88) | M88: =K88-K37
B90: Fustdop: | K90: =SUM(D90:I90) | M90: =K90-SUM(K34:K37)
B92: KeyKegFustdop: | K92: =SUM(D92:I92) | M92: =K92-K34-K41
B93: KeyKeg 20L - Leeg | K93: =SUM(D93:I93) | M93: =K93-K34
B94: KeyKeg 30L - Leeg | K94: =SUM(D94:I94) | M94: =K94-K41
B97: Ingevoerd in Mdrank | C97: door:
C98: datum:
B99: V2,1 : 09-10-17 KYT
B100: V2,001 : 02/10/2017 KYT, invoeg MR-Opdracht
B101: V2,002 : 22/11/2018 KYT: nav MvdG&JL
B102: v3 6/2/24 TW
